Date,Ethereum,Tron,BSC,Arbitrum,Polygon,Optimism,Avalanche,Mixin,Cronos,Fantom,other chains
2020-08-02,3519.41,20.68,,,,,,,,,190.4
2020-08-03,3441.4,19.59,,,,,,,,,188.93
2020-08-04,3582.08,20.35,,,,,,,,,191.5
2020-08-05,3651.37,20.85,,,,,,,,,188.3
2020-08-06,3847.53,21.37,,,,,,,,,190.6
2020-08-07,3782.4,20.83,,,,,,,,,187.87
2020-08-08,3841.07,21.42,,,,,,,,,181.62
2020-08-09,3867.65,21.12,,,,,,,,,206.3
2020-08-10,3978.53,21.3,,,,,,,,,218.46
2020-08-11,4058.23,22.13,,,,,,,,,213.13
2020-08-12,4007.37,21.51,,,,,,,,,217.5
2020-08-13,4036.31,20.84,,,,,,,,,222.92
2020-08-14,4210.36,21.01,,,,,,,,,235.01
2020-08-15,4651.2,25.45,,,,,,,,,269.02
2020-08-16,4948.56,24.97,,,,,,,,,269.61
2020-08-17,5002.24,25.51,,,,,,,,,258.72
2020-08-18,5235.18,30.92,,,,,,,,,262.09
2020-08-19,5266.93,34.27,,,,,,,,,265.72
2020-08-20,5276.3,33.93,,,,,,,,,268.91
2020-08-21,5424.13,34.71,,,,,,,,,271.16
2020-08-22,5346.21,32.44,,,,,,,,,253.3
2020-08-23,5249.8,30.59,,,,,,,,,247.08
2020-08-24,5315.68,30.23,,,,,,,,,248.64
2020-08-25,5439.36,32.23,,,,,,,,,251.08
2020-08-26,5614.22,30.56,,,,,,,,,294.68
2020-08-27,5722.78,38.11,,,,,,,,,303.0
2020-08-28,5751.46,38.13,,,,,,,,,410.38
2020-08-29,6133.14,41.02,,,,,,,,,422.8
2020-08-30,6427.14,42.67,,,,,,,,,430.98
2020-08-31,6822.09,54.31,,,,,,,,,416.54
2020-09-01,7217.97,56.97,,,,,,,,,410.73
2020-09-02,8170.7,91.87,,,,,,,,,396.94
2020-09-03,7960.66,119.34,,,,,,,,,402.37
2020-09-04,7570.13,163.89,,,,,,,,,396.57
2020-09-05,7413.7,192.28,,,,,,,,,442.94
2020-09-06,6311.92,144.69,,,,,,,,,382.12
2020-09-07,6633.61,151.06,,,,,,,,,359.79
2020-09-08,6590.95,162.98,,,,,,,,,327.09
2020-09-09,6448.23,170.38,,,,,,,,,336.48
2020-09-10,6627.27,163.79,,,,,,,,,322.24
2020-09-11,7284.69,141.96,,,,,,,,,325.48
2020-09-12,7301.65,132.78,,,,,,,,,307.42
2020-09-13,7500.39,125.33,,,,,,,,,309.2
2020-09-14,7367.37,117.65,,,,,,,,,302.71
2020-09-15,7508.37,97.26,,,,,,,,,292.98
2020-09-16,6936.31,85.91,,,,,,,,,284.78
2020-09-17,7054.36,210.38,,,,,,,,,253.44
2020-09-18,7655.94,247.25,,,,,,,,,253.69
2020-09-19,8090.44,288.63,,,,,,,,,220.24
2020-09-20,8521.03,298.29,,,,,,,,,215.15
2020-09-21,8606.03,296.27,,,,,,,,,306.25
2020-09-22,8022.17,289.86,,,,,,,,,325.84
2020-09-23,8108.96,287.62,,,,,,,,,282.41
2020-09-24,8234.1,285.83,,,,,,,,,266.92
2020-09-25,8497.09,293.65,,,,,,,,,257.2
2020-09-26,8728.13,297.67,,,,,,,,,261.38
2020-09-27,9038.6,297.12,,,,,,,,,263.16
2020-09-28,8988.88,288.11,,,,,,,,,250.78
2020-09-29,9111.86,289.49,,,,,,,,,254.77
2020-09-30,9090.95,289.12,,,,,,,,,243.27
2020-10-01,8967.33,243.87,,,,,,,,,249.33
2020-10-02,9088.98,215.97,,,,,,,,,242.3
2020-10-03,8639.85,205.83,,,,,,,,,222.8
2020-10-04,8805.05,213.59,,,,,,,,,229.53
2020-10-05,8776.69,209.25,,,,,,,,,223.09
2020-10-06,8622.29,205.23,,,,,,,,,223.41
2020-10-07,8286.0,200.07,,,,,,,,,219.59
2020-10-08,8107.17,198.64,,,,,,,,,206.49
2020-10-09,8314.54,194.86,,,0.0,,,,,,204.9
2020-10-10,8690.41,201.31,,,0.05,,,,,,223.93
2020-10-11,8919.21,199.98,,,0.14,,,,,,232.46
2020-10-12,9045.11,196.78,,,0.65,,,,,,223.91
2020-10-13,9041.88,193.27,,,0.67,,,,,,229.89
2020-10-14,9147.18,194.63,,,0.77,,,,,,231.37
2020-10-15,9154.37,203.28,,,0.83,,,,,,224.42
2020-10-16,9055.56,209.91,,,0.82,,,,,,218.3
2020-10-17,8884.8,205.99,,,0.8,,,,,,218.75
2020-10-18,8855.07,209.81,,,0.4,,,,,,218.35
2020-10-19,8957.48,210.12,,,0.42,,,,,,217.87
2020-10-20,8982.57,207.61,,,0.42,,,,,,221.61
2020-10-21,8799.47,196.1,,,0.42,,,,,,214.43
2020-10-22,8908.49,197.91,,,0.42,,,,,,215.06
2020-10-23,9037.84,215.38,,,0.39,,,,,,213.6
2020-10-24,9159.73,214.51,,,0.34,,,,,,214.46
2020-10-25,9262.21,218.39,,,0.43,,,,,,211.32
2020-10-26,9274.37,217.98,,,0.75,,,,,,209.19
2020-10-27,9157.78,216.47,,,1.2,,,,,,206.29
2020-10-28,9273.4,217.81,,,1.2,,,,,,203.48
2020-10-29,9207.1,219.32,,,0.82,,,,,,195.21
2020-10-30,9125.85,211.64,,,0.8,,,,,,208.9
2020-10-31,8985.59,200.54,12.87,,0.79,,,,,,196.23000000000002
2020-11-01,9106.77,203.8,12.87,,0.83,,,,,,201.54000000000002
2020-11-02,9070.9,202.5,13.04,,0.79,,,,,,206.44
2020-11-03,8861.25,177.04,12.77,,0.81,,,,,,201.54
2020-11-04,8803.67,166.34,13.5,,0.8,,,,,,195.87
2020-11-05,8878.21,163.92,13.53,,0.79,,,,,,196.85
2020-11-06,9072.32,165.88,15.34,,0.53,,,,,,190.42999999999998
2020-11-07,9715.26,168.27,15.5,,0.46,,,,,,207.48999999999998
2020-11-08,9766.83,166.61,17.97,,0.57,,,,,,218.0
2020-11-09,9907.01,171.24,20.7,,0.61,,,,,,211.87
2020-11-10,10369.26,170.58,30.99,,0.61,,,,,,225.43
2020-11-11,10400.05,170.89,35.15,,0.61,,,,,,329.57
2020-11-12,10826.44,169.34,36.6,,0.63,,,,,,345.49
2020-11-13,10694.19,167.21,34.61,,0.62,,,,,,339.72
2020-11-14,10985.48,169.51,43.14,,0.62,,,,,,326.01
2020-11-15,10824.35,168.0,49.41,,0.61,,,,,,322.29
2020-11-16,10877.5,171.98,50.31,,0.55,,,,,,328.15
2020-11-17,10925.84,170.67,53.02,,0.56,,,,,,328.0
2020-11-18,10523.31,175.55,57.72,,0.57,,,,,,432.41999999999996
2020-11-19,10692.35,162.01,54.57,,0.57,,,,,,242.7
2020-11-20,10687.27,151.83,54.66,,0.59,,,,,,241.75
2020-11-21,11378.46,148.06,94.2,,0.6,,,,,,249.26
2020-11-22,11411.47,156.83,93.93,,0.56,,,,,,257.24
2020-11-23,11438.59,152.88,87.44,,0.57,,,,,,258.3
2020-11-24,11594.81,158.8,91.2,,0.59,,,,,,280.51
2020-11-25,11621.99,170.31,102.69,,0.58,,,,,,283.71
2020-11-26,11453.27,166.62,132.12,,0.59,,,,,,280.73
2020-11-27,10354.99,147.41,118.99,,0.49,,,,,,256.07
2020-11-28,10248.06,145.16,116.34,,0.5,,,,,,262.21
2020-11-29,10536.82,149.25,121.71,,0.54,,,,,,263.69
2020-11-30,11091.69,150.97,125.84,,0.51,,,,,,270.5
2020-12-01,11742.3,155.36,128.42,,0.53,,,,,,271.78
2020-12-02,11822.32,145.98,129.47,,0.52,,,,,,274.95
2020-12-03,11878.29,145.28,142.36,,0.53,,,,,,314.12
2020-12-04,12170.94,146.73,144.34,,0.52,,,,,,316.47
2020-12-05,11639.82,139.91,148.48,,0.47,,,,,,318.64
2020-12-06,11953.76,142.02,149.96,,0.45,,,,,,316.14
2020-12-07,12023.46,144.23,153.8,,0.45,,,,,,312.36
2020-12-08,12102.99,137.15,153.91,,0.43,,,,,,313.65000000000003
2020-12-09,11758.8,139.86,154.59,,0.42,,,,,,311.51
2020-12-10,11675.18,139.9,157.29,,0.41,,,,,,311.08
2020-12-11,11527.86,137.12,160.12,,0.42,,,,,,302.59000000000003
2020-12-12,11236.62,135.01,149.97,,0.38,,,,,,302.44
2020-12-13,11690.68,138.35,156.23,,0.39,,,,,,309.56
2020-12-14,12063.37,140.76,159.3,,0.37,,,,,,310.05
2020-12-15,12057.02,141.09,158.1,,0.38,,,,,,314.75
2020-12-16,12365.71,141.48,160.27,,0.38,,,,,,308.52000000000004
2020-12-17,12537.26,144.72,169.98,,0.39,,,,,,308.08
2020-12-18,13099.01,148.28,178.49,,0.41,,,,,,312.92
2020-12-19,13061.9,147.91,177.07,,0.42,,,,,,312.46
2020-12-20,13443.33,149.46,181.48,,0.45,,,,,,311.68
2020-12-21,13255.34,149.95,178.77,,0.45,,,,,,311.37
2020-12-22,12772.61,142.44,164.39,,0.4,,,,,,310.63
2020-12-23,13063.19,140.94,162.49,,0.4,,,,,,315.54
2020-12-24,13063.39,128.14,158.1,,0.35,,,,,,301.09000000000003
2020-12-25,12912.72,132.86,152.83,,0.35,,,,,,290.05
2020-12-26,13577.97,138.83,152.17,,0.34,,,,,,298.93
2020-12-27,13729.06,135.01,147.88,,0.35,,,,,,294.2
2020-12-28,13892.41,135.46,119.0,,0.36,,,,,,293.89
2020-12-29,14668.66,141.43,166.82,,0.35,,,,,,301.52
2020-12-30,14708.94,134.42,151.99,,0.34,,,,,,314.28
2020-12-31,14286.55,131.22,144.34,,0.32,,,,,,312.13
2021-01-01,14638.53,130.79,152.0,,0.32,,,,,,316.49
2021-01-02,14743.89,131.37,170.9,,0.31,,,,,,310.93
2021-01-03,15069.56,131.72,161.92,,0.32,,,,,,306.83
2021-01-04,16623.37,142.13,187.45,,0.31,,,,,,299.79
2021-01-05,17470.03,143.56,204.93,,0.31,,,,,,299.58000000000004
2021-01-06,19100.44,142.4,215.18,,0.34,,,,,,448.15
2021-01-07,20622.0,148.91,221.07,,0.35,,,,,,403.21999999999997
2021-01-08,21118.26,152.82,208.36,,0.36,,,,,,396.64
2021-01-09,21728.93,151.28,199.05,,0.36,,,,,,395.21999999999997
2021-01-10,21534.54,160.27,218.09,,0.38,,,,,,394.33
2021-01-11,21894.18,159.0,196.33,,0.38,,,,,,396.93
2021-01-12,19387.61,142.03,185.74,,0.35,,,,,,379.80999999999995
2021-01-13,19729.01,144.15,191.42,,0.47,,,,,,365.1
2021-01-14,20505.41,146.6,215.97,,0.64,,,,,,374.19
2021-01-15,21617.11,148.93,173.52,,0.65,,,,,,395.87
2021-01-16,21114.89,150.34,213.33,,0.72,,,,,,394.05
2021-01-17,21874.75,152.7,212.64,,1.02,,,,,,414.83000000000004
2021-01-18,21861.93,151.29,211.96,,1.33,,,,,,427.67999999999995
2021-01-19,22356.79,157.62,240.62,,1.59,,,,,,448.8
2021-01-20,23646.35,156.13,229.8,,2.03,,,,,,699.96
2021-01-21,22542.32,153.9,225.95,,2.37,,,,,,750.2099999999999
2021-01-22,20755.14,145.39,208.11,,2.41,,,,,,850.29
2021-01-23,21443.49,146.95,241.2,,2.92,,,,,,1040.7199999999998
2021-01-24,22149.7,148.98,258.05,,2.93,,,,,,1184.08
2021-01-25,23883.71,155.38,287.55,,3.0,,,,,,1277.59
2021-01-26,24336.51,156.65,295.43,,3.21,,,,,,1357.51
2021-01-27,23766.09,152.92,301.97,,3.57,,,,,,1438.04
2021-01-28,22958.32,146.64,315.69,,3.8,,,,,,1427.6200000000001
2021-01-29,24111.77,155.47,335.48,,4.4,,,,,,1553.81
2021-01-30,25336.37,162.44,359.88,,4.98,,,,,,1472.46
2021-01-31,25100.21,161.24,365.04,,5.03,,,,,,1532.9499999999998
2021-02-01,25136.46,166.23,357.08,,4.76,,,,,,1593.27
2021-02-02,25463.08,169.36,387.68,,4.53,,,,,,1631.6999999999998
2021-02-03,26884.62,171.22,391.12,,4.57,,0.0,,,,1670.8900000000003
2021-02-04,30425.17,176.88,406.79,,4.52,,3.61,,,,1704.1699999999998
2021-02-05,31545.85,174.41,439.28,,4.52,,4.86,,,,1712.5800000000002
2021-02-06,33587.56,186.21,483.35,,4.82,,6.22,,,,1750.1000000000001
2021-02-07,33502.93,182.62,524.05,,4.77,,6.72,,,,1795.88
2021-02-08,32758.73,187.34,536.86,,4.9,,8.03,,,,1773.98
2021-02-09,34894.14,203.61,672.72,,5.3,,9.13,,,,1781.16
2021-02-10,36456.79,229.2,801.4,,5.98,,18.74,,,,1838.46
2021-02-11,37622.97,235.36,964.73,,6.76,,54.0,,,,1930.3700000000001
2021-02-12,38506.32,258.93,965.4,,7.23,,53.81,,,,2057.9800000000005
2021-02-13,39255.45,266.94,968.95,,8.14,,60.02,,,,2127.7799999999997
2021-02-14,38622.38,272.14,967.6,,9.18,,54.19,,,,2091.41
2021-02-15,39169.77,271.21,1040.82,,9.76,,59.77,,,,2023.8600000000001
2021-02-16,38564.86,254.65,1084.85,,10.56,,72.43,,,,2068.86
2021-02-17,39051.52,255.06,1153.8,,12.9,,84.17,,,,2120.3
2021-02-18,39519.46,261.18,1279.38,,14.18,,125.69,,,,2280.95
2021-02-19,40676.13,601.43,1485.03,,15.12,,253.61,,,,2341.06
2021-02-20,40889.28,1135.71,1877.63,,19.99,,269.69,,,,2621.81
2021-02-21,42392.04,1281.72,2059.31,,21.27,,271.35,,,,2741.13
2021-02-22,42351.72,1368.97,2058.72,,25.13,,278.98,,,,3014.9799999999996
2021-02-23,39839.16,1263.09,1836.77,,32.98,,246.76,,,,3179.3199999999997
2021-02-24,34292.91,1027.92,1532.49,,40.09,,194.9,,,,2907.67
2021-02-25,37456.92,1129.7,1827.86,,49.16,,208.19,,,,3308.4800000000005
2021-02-26,36256.85,1230.63,2208.84,,57.65,,200.38,,,,3249.5299999999997
2021-02-27,34456.88,1165.32,2070.97,,54.45,,193.94,,,0.6,3030.7799999999997
2021-02-28,34732.95,1207.53,2087.1,,67.17,,201.18,,,0.6,3182.8500000000004
2021-03-01,33650.48,1398.42,1962.44,,76.39,,197.53,,,0.6,2838.61
2021-03-02,36634.15,1442.09,2193.41,,92.08,,223.0,,,0.76,2880.47
2021-03-03,37372.67,1444.83,2133.68,,97.28,,226.31,,,0.69,2922.42
2021-03-04,38983.56,1500.93,2424.53,,109.63,,209.02,,,0.72,3138.55
2021-03-05,38341.71,1540.01,2336.03,,107.58,,203.27,,,0.68,3180.7
2021-03-06,37490.71,1524.89,2221.29,,108.58,,196.45,,,0.68,3177.5699999999997
2021-03-07,38882.26,1521.92,2185.56,,96.57,,203.83,,,0.65,3200.4599999999996
2021-03-08,37947.97,1558.03,2033.02,,92.36,,214.21,,,0.66,3086.64
2021-03-09,38825.41,1630.48,2054.94,,97.42,,190.72,,,0.67,3150.62
2021-03-10,40890.18,1655.15,2265.99,,104.24,,258.17,,,0.75,3300.82
2021-03-11,40644.77,1629.37,3016.31,,105.09,,258.55,,,0.67,3247.95
2021-03-12,40738.91,1645.39,3461.39,,109.33,,289.44,,,0.66,3235.1899999999996
2021-03-13,42330.22,1599.51,3299.74,,111.56,,277.03,,,0.64,3130.4199999999996
2021-03-14,45002.51,1665.25,3392.36,,118.43,,298.24,,,0.66,3214.7499999999995
2021-03-15,44862.51,1817.71,3454.93,,123.25,,291.73,,,0.64,3119.1200000000003
2021-03-16,42907.15,1763.49,3152.81,,123.59,,286.71,,,0.63,3131.5
2021-03-17,43217.09,1799.4,3087.3,,120.25,,308.77,,,0.64,3241.34
2021-03-18,43373.65,1870.84,3097.77,,125.69,,310.87,,,0.7,3804.55
2021-03-19,44166.23,1854.91,3123.63,,124.02,,304.32,,,0.68,3966.15
2021-03-20,44968.65,1971.67,3189.15,,124.96,,315.78,,,0.72,4049.13
2021-03-21,46266.76,2148.94,3374.16,,119.27,,250.11,,,0.75,4205.389999999999
2021-03-22,44541.98,2032.62,3267.25,,119.07,,241.43,,,0.79,4151.07
2021-03-23,44443.66,2082.22,3465.36,,111.46,,228.85,,,0.86,4026.08
2021-03-24,42718.32,1959.22,3431.12,,108.67,,217.29,,,0.85,3794.0000000000005
2021-03-25,42600.59,1950.25,3979.19,,103.73,,206.23,,,0.78,3536.82
2021-03-26,40771.41,1828.58,3788.38,,102.4,,201.48,,,0.77,3422.12
2021-03-27,42466.95,2102.21,4092.7,,107.17,,214.15,,,0.88,3600.71
2021-03-28,42870.7,2091.16,4470.04,,116.59,,212.14,,,0.87,3667.95
2021-03-29,43055.12,2098.63,5225.09,,115.54,,196.59,,,0.93,3754.07
2021-03-30,45384.1,2150.99,5236.32,,117.13,,192.69,,,0.98,4096.26
2021-03-31,47486.39,2277.51,5466.42,,115.69,,194.07,,,1.46,4410.280000000001
2021-04-01,47558.92,2245.15,5516.67,,116.5,,189.17,,,1.82,4518.31
2021-04-02,48805.73,2999.0,6158.63,,116.69,,197.84,,,2.18,4529.07
2021-04-03,51160.61,2898.08,6740.49,,127.06,,210.52,,,3.14,4553.85
2021-04-04,56218.27,3171.57,7010.49,,124.83,,206.89,,,3.82,4424.66
2021-04-05,56765.47,3563.99,7372.73,,125.15,,212.67,,,4.5,4508.8099999999995
2021-04-06,57552.91,4257.48,7041.58,,140.99,,222.28,,,5.03,6377.12
2021-04-07,58277.74,4264.07,7001.56,,136.05,,222.24,,,5.57,6589.429999999999
2021-04-08,54199.54,3754.41,7064.36,,129.89,,219.03,,,5.62,6477.55
2021-04-09,55809.19,3629.81,7733.07,,131.84,,214.31,,,6.65,6674.54
2021-04-10,56779.75,3862.7,9098.39,,137.38,,226.26,,,6.89,6879.780000000001
2021-04-11,58105.42,3686.26,9391.0,,137.5,,226.62,,,7.76,7309.740000000001
2021-04-12,57644.83,3877.89,9360.26,,142.03,,232.64,,,9.26,7471.700000000001
2021-04-13,58382.46,3871.05,9981.19,,139.55,,243.22,,,9.79,7457.079999999999
2021-04-14,60406.31,4089.37,10837.2,,154.04,,245.01,,,9.96,7744.490000000001
2021-04-15,63493.39,4443.58,12055.5,,292.3,,267.28,,,9.66,7763.7
2021-04-16,65165.56,4525.25,12015.1,,392.43,,267.42,,,9.69,7992.28
2021-04-17,65203.95,4546.83,11754.96,,433.2,,251.82,,,9.8,7945.79
2021-04-18,65356.56,4817.31,12161.79,,440.85,,251.45,,,10.53,7848.389999999999
2021-04-19,60139.97,4020.86,10851.58,,411.57,,219.13,,,10.68,7232.759999999999
2021-04-20,60849.01,4135.6,11588.72,,444.36,,215.31,,,10.74,7590.130000000001
2021-04-21,61155.95,3999.87,11502.37,,448.73,,221.39,,,13.04,7965.95
2021-04-22,61766.25,3829.85,11314.68,,490.89,,218.81,,,13.32,8616.509999999998
2021-04-23,64197.34,3650.74,11613.16,,553.22,,209.29,,,13.12,8578.35
2021-04-24,60034.71,3316.95,14347.15,,567.66,,197.33,,,12.98,8096.9
2021-04-25,58136.91,3294.87,14906.92,,594.82,,193.32,,,11.6,8392.61
2021-04-26,59902.26,3260.8,16007.55,,637.74,,172.61,,,10.99,9202.320000000002
2021-04-27,65527.74,3572.16,17452.79,,763.56,,220.35,,,11.61,9756.999999999998
2021-04-28,67720.59,3889.5,17862.03,,946.86,,236.06,,,11.73,10008.01
2021-04-29,70404.0,3764.96,18182.75,,1133.65,,242.48,,,10.6,9906.58
2021-04-30,68574.74,3767.0,18619.58,,1410.87,,247.34,,,10.27,10050.87
2021-05-01,69513.23,3880.93,18932.56,,1586.89,,286.55,,,39.8,10380.21
2021-05-02,71749.67,3981.81,20343.89,,1573.04,,308.63,,,52.4,10591.019999999999
2021-05-03,72130.39,3905.59,20660.49,,2001.14,,308.19,,,52.98,10359.76
2021-05-04,77598.87,4075.19,20637.69,,2105.76,,341.73,,,57.04,10378.180000000002
2021-05-05,78396.26,3830.72,21929.88,,2202.93,,325.08,,,81.03,9989.75
2021-05-06,78912.39,4099.8,21648.15,,2205.19,,352.55,,,83.18,10871.03
2021-05-07,80425.35,4423.52,21826.5,,2295.07,,370.27,,,79.57,10891.009999999998
2021-05-08,80721.18,4617.54,21291.2,,2491.54,,388.33,,,276.73,10910.88
2021-05-09,83330.0,4423.0,21521.23,,2603.45,,407.25,,,255.18,11161.99
2021-05-10,85574.24,4255.49,21041.22,,2838.99,,413.12,,,327.56,11203.060000000001
2021-05-11,85957.71,4123.83,20948.48,,2911.85,,388.64,,,315.7,10899.070000000002
2021-05-12,86575.91,4041.61,20032.2,,2963.15,,406.6,,,305.26,11090.15
2021-05-13,87150.68,4028.65,19959.21,,3193.38,,406.53,,,299.28,10380.599999999999
2021-05-14,81447.96,3643.67,19753.89,,3348.23,,360.46,,,313.21,10267.37
2021-05-15,84365.12,3822.1,19530.61,,3789.88,,396.63,,,300.12,10157.8
2021-05-16,81924.58,3685.15,18915.9,,4109.66,,380.53,,,278.32,10297.87
2021-05-17,80149.97,3760.47,18478.41,,4512.51,,372.3,,,275.61,9693.999999999998
2021-05-18,77494.94,3525.42,17387.17,,4646.03,,353.41,,,280.67,9666.38
2021-05-19,74398.38,3583.38,12412.22,,5060.07,,376.87,,,249.64,8138.3
2021-05-20,63240.79,2773.75,11202.37,,4709.43,,275.59,,,198.47,7771.56
2021-05-21,62420.67,2774.74,10213.32,,5157.32,,276.07,,,185.47,7250.83
2021-05-22,60788.03,2700.11,9843.5,,5081.89,,233.36,,,120.7,6899.88
2021-05-23,54785.65,2484.37,9015.36,,4528.54,,212.44,,,141.23,6094.820000000001
2021-05-24,52143.83,2140.56,9226.63,,4347.19,,175.44,,,116.28,6251.709999999999
2021-05-25,57958.55,2399.42,9677.7,,5036.74,,219.53,,,133.04,6403.05
2021-05-26,59425.4,2414.74,9959.18,,5371.36,,220.52,,,127.41,6792.55
2021-05-27,64245.75,2638.66,9810.31,,6074.7,,232.98,,,125.81,7016.260000000001
2021-05-28,62873.35,2584.46,9436.81,,6161.94,,221.93,,,126.49,6569.06
2021-05-29,57930.71,2351.45,9105.24,,5764.91,,186.3,,,122.49,6552.62
2021-05-30,58361.49,2294.1,9069.07,,5875.16,,187.02,,,121.51,6662.7699999999995
2021-05-31,61304.46,2343.31,9724.26,,6227.45,,194.34,,,141.98,7045.320000000001
2021-06-01,63529.4,2451.12,10102.0,,6638.48,,210.24,,,138.08,7026.539999999999
2021-06-02,65332.13,2437.28,10227.32,,6692.11,,207.0,,,146.89,7374.91
2021-06-03,68566.87,2499.11,10912.25,,6912.05,,215.24,,,158.68,7553.539999999999
2021-06-04,69221.32,2614.59,11324.57,,6965.21,,231.52,,,149.7,7429.19
2021-06-05,66427.12,2478.57,11072.15,,6638.68,,213.62,,,141.69,7548.92
2021-06-06,67473.31,2557.28,11072.24,,6662.87,,200.84,,,149.78,7529.499999999999
2021-06-07,68053.1,2606.89,10947.76,,6771.55,,203.36,,,140.3,7301.6900000000005
2021-06-08,68166.47,2557.9,10782.24,,6842.09,,200.26,,,135.71,7301.419999999999
2021-06-09,63888.35,2453.3,10868.08,,6644.09,,190.26,,,138.27,7480.47
2021-06-10,65147.34,2531.74,10902.14,,6846.91,,195.78,,,129.68,7508.96
2021-06-11,63434.46,2541.05,10871.34,,6968.47,,183.35,,,117.16,7167.070000000001
2021-06-12,62119.66,2031.37,10787.21,,6927.58,,173.37,,,109.27,7122.49
2021-06-13,62161.67,1952.29,11326.98,,7077.26,,175.62,,,118.01,7220.36
2021-06-14,64129.52,1981.4,11510.7,,9241.77,,187.9,,,125.02,7359.26
2021-06-15,65735.2,2032.63,11593.31,,9890.52,,193.23,,,123.72,7525.679999999999
2021-06-16,65960.15,2055.59,11260.52,,8055.27,,194.41,,,121.2,7321.900000000001
2021-06-17,63445.18,2008.14,11383.47,,7552.33,,187.71,,,132.16,7320.84
2021-06-18,61886.61,2084.38,11333.83,,7032.64,,189.19,,,141.17,7221.909999999999
2021-06-19,60403.99,2080.98,11008.6,,6885.9,,177.45,,,143.98,7228.01
2021-06-20,59875.0,2006.93,11042.88,,6820.77,,180.13,,,145.94,7155.74
2021-06-21,56169.96,1903.61,10232.4,,6631.26,,183.18,,,121.48,6767.2300000000005
2021-06-22,51706.75,1689.19,9595.52,,5995.84,,151.79,,,108.61,6454.98
2021-06-23,51865.27,1514.75,9830.92,,5702.21,,145.91,,,131.22,6501.64
2021-06-24,53591.09,1643.75,10382.02,,5667.49,,153.93,,,143.91,6772.27
2021-06-25,53597.24,1911.88,10102.58,,5610.42,,157.01,,,131.76,6915.4
2021-06-26,51902.72,1788.49,9890.14,,5379.89,,141.73,,,129.17,6897.069999999999
2021-06-27,52386.52,1806.4,10211.76,,5237.96,,143.71,,,131.19,7150.380000000001
2021-06-28,54069.12,1836.02,10529.31,,5263.22,,150.72,,,135.23,7213.929999999999
2021-06-29,55991.88,1886.27,10722.81,,5347.89,,158.33,,,130.6,7409.099999999999
2021-06-30,57645.6,1985.67,10821.26,,5443.51,,166.0,,,132.21,7632.110000000001
2021-07-01,57914.64,1949.88,10487.65,,5444.71,,166.74,,,162.51,7475.959999999999
2021-07-02,57198.46,1908.92,10646.28,,5470.8,,164.97,,,194.08,7709.43
2021-07-03,57248.21,1895.94,10616.08,,5485.01,,162.56,,,204.09,7874.66
2021-07-04,59375.16,1947.22,11001.14,,5678.76,,165.08,,,218.76,8010.339999999999
2021-07-05,60588.09,1962.28,10860.77,,5739.62,,177.06,,,219.19,8024.82
2021-07-06,60072.93,1896.65,11334.44,,5652.2,,172.58,,,219.53,8094.999999999999
2021-07-07,61942.25,1917.47,11564.52,,5817.62,,184.94,,,227.89,9137.94
2021-07-08,62351.23,1920.1,11365.24,,5722.13,,182.28,,,229.98,8949.75
2021-07-09,60431.66,1813.61,11572.59,,5555.15,,165.49,,,230.03,9001.820000000002
2021-07-10,60144.39,1811.34,11696.26,,5512.75,,174.83,,,223.0,8966.51
2021-07-11,60876.69,1831.7,11679.8,,5541.27,,166.61,,,225.57,8986.339999999998
2021-07-12,60368.46,1827.58,12043.02,,5537.32,,170.57,,,219.95,8877.289999999999
2021-07-13,58907.36,1820.45,11671.56,,5272.78,,163.45,,,217.33,8800.19
2021-07-14,58205.63,1792.6,11490.7,,5153.69,68.35,154.35,,,217.96,8702.619999999999
2021-07-15,57933.37,1775.35,10667.91,,5134.35,62.83,147.31,,,225.68,8531.699999999999
2021-07-16,56817.32,1742.35,10289.62,,5057.25,58.73,142.33,,,221.18,8434.3
2021-07-17,56370.46,1679.05,9977.15,,5296.0,57.84,143.47,,,218.05,8537.519999999999
2021-07-18,56865.27,1677.89,10286.84,,5538.98,58.17,141.75,,,219.13,8610.36
2021-07-19,56426.25,1703.42,10029.41,,5197.08,54.85,135.51,,,215.18,8461.59
2021-07-20,54844.33,1652.65,9718.57,,4967.04,51.02,120.26,,,210.03,8225.86
2021-07-21,55191.13,1534.56,9854.17,,4910.09,55.94,130.48,,,214.63,8392.75
2021-07-22,58273.99,1641.56,10262.78,,5122.02,58.05,134.65,,,229.45,8693.08
2021-07-23,58261.75,1669.79,10709.13,,5383.98,58.91,136.53,,,237.92,8955.13
2021-07-24,59718.29,1694.55,11033.06,,5534.29,57.91,139.23,,,245.84,9139.39
2021-07-25,60639.22,1742.46,11393.73,,5602.28,56.64,140.08,,,249.56,9239.69
2021-07-26,61714.18,1768.17,11620.28,,5669.26,64.99,143.25,,,253.11,9321.63
2021-07-27,62593.84,2399.93,11903.87,,5724.98,63.06,145.7,,,259.2,9486.21
2021-07-28,64097.43,2388.57,12031.38,,5769.75,62.99,148.14,,,253.43,9683.029999999999
2021-07-29,63855.52,2422.3,12039.4,,5716.81,67.91,150.79,,,258.8,9869.44
2021-07-30,65346.98,2422.43,12040.58,,5814.83,65.93,156.63,,,262.3,9745.07
2021-07-31,66831.18,2436.04,11991.32,,5999.6,70.43,162.58,,,264.82,9717.060000000001
2021-08-01,67835.09,2509.19,11877.79,,6077.57,70.02,157.55,,,257.2,9904.800000000001
2021-08-02,67435.92,2527.93,11775.97,,6049.59,66.79,159.04,,,256.73,10002.559999999998
2021-08-03,67495.43,2530.86,11111.68,,6016.28,64.23,153.98,,,252.7,10330.07
2021-08-04,67521.15,2518.05,11995.23,,5746.79,67.71,161.72,,,258.6,10391.289999999999
2021-08-05,70101.69,2743.99,12270.69,,5872.97,74.33,166.55,,,266.63,10659.91
2021-08-06,72138.68,2851.45,12288.69,,5905.65,72.06,172.95,,,278.28,10696.0
2021-08-07,74213.27,2899.71,12787.24,,5919.66,74.71,183.98,,,292.54,10910.009999999998
2021-08-08,76605.47,3036.86,12860.77,,6003.47,69.42,173.39,,,287.77,10784.66
2021-08-09,75851.03,2989.54,12836.21,,5786.21,72.03,182.41,,,293.73,11003.31
2021-08-10,77573.94,3005.12,13342.63,,5923.91,72.51,215.78,,,298.68,11398.22
2021-08-11,77477.22,3012.61,13191.66,,5885.05,75.86,217.26,,,307.9,11558.2
2021-08-12,77569.78,3254.29,13260.7,,5920.59,73.3,218.74,,,300.12,11609.59
2021-08-13,77716.2,3306.0,13519.12,,5941.13,86.39,234.37,,,315.64,11975.58
2021-08-14,81278.34,3429.67,13823.04,,6109.56,93.26,231.67,,,317.14,12077.5
2021-08-15,80692.56,3472.47,13947.61,,5975.9,93.15,231.72,,,315.96,12765.42
2021-08-16,80761.56,3525.71,14033.21,,5999.16,89.27,229.53,,,325.55,13364.2
2021-08-17,78502.66,3554.01,13737.67,,5765.68,83.89,237.72,,,321.21,13672.94
2021-08-18,76951.36,3454.75,13639.71,,5618.65,88.5,284.26,,,328.12,14662.5
2021-08-19,78164.85,3325.77,14082.92,,5599.27,94.45,310.5,,,341.97,14602.159999999998
2021-08-20,80637.49,3346.03,14813.79,,5588.88,97.06,539.82,,,350.3,15093.46
2021-08-21,82898.17,3453.04,15004.18,,5732.33,112.36,706.92,,,364.92,14771.0
2021-08-22,82356.72,3455.61,14928.07,,5678.05,113.08,931.83,,,371.52,14664.41
2021-08-23,83375.99,3482.32,15445.78,,5584.54,117.08,1005.23,,,385.23,15192.56
2021-08-24,83578.28,3511.79,14897.52,,5547.42,112.35,1291.42,,,373.32,15074.580000000002
2021-08-25,81749.62,3454.98,15247.45,,5343.8,103.58,1590.68,,,382.72,14892.830000000002
2021-08-26,81859.72,3375.78,15162.43,,5266.39,96.27,1595.24,,,369.23,14602.970000000003
2021-08-27,81232.62,3320.67,15208.31,,5118.0,102.52,1823.3,,,385.27,15471.0
2021-08-28,83565.21,3392.42,15151.85,,5235.23,100.45,2013.73,,,408.25,15905.45
2021-08-29,83392.72,3426.19,15121.85,,5121.86,98.29,2054.19,,,416.6,16053.2
2021-08-30,83033.09,3450.17,14802.31,0.0,5054.11,94.24,1878.85,,,525.21,16389.44
2021-08-31,83671.68,3405.7,14547.52,0.0,4971.36,96.98,1818.77,,,548.27,16318.82
2021-09-01,87568.7,3462.12,14900.43,0.47,5135.69,106.14,1915.27,,,619.84,16893.46
2021-09-02,92006.92,3571.08,15140.22,8.17,5261.22,111.06,1984.99,,,708.8,18485.55
2021-09-03,92576.85,3807.69,15208.19,12.22,5243.29,107.76,1945.2,,,727.13,18628.93
2021-09-04,94428.33,3867.62,15375.34,12.54,5268.1,108.75,1986.34,,,771.34,18907.34
2021-09-05,94590.03,3842.99,15473.37,14.1,5327.89,114.06,1989.1,,,822.92,19371.62
2021-09-06,95884.56,3864.46,15379.69,15.59,5267.89,124.06,1993.94,,,1044.57,19917.340000000004
2021-09-07,93309.23,3869.47,14127.24,26.67,5070.63,101.89,1857.6,,,1006.71,18543.17
2021-09-08,87009.99,3520.52,13601.74,34.85,4604.67,105.97,1750.15,,,1073.68,19252.0
2021-09-09,86252.62,3534.82,13759.53,37.35,4643.37,109.69,1787.64,,,1108.99,20261.530000000002
2021-09-10,85004.13,3546.91,13299.75,61.93,4500.5,102.47,1744.55,,,1063.39,22218.819999999996
2021-09-11,82719.42,3464.56,13019.58,184.82,4387.26,106.01,1840.84,,,1078.87,22735.570000000003
2021-09-12,83706.8,3602.54,13367.1,1609.25,4336.93,109.94,1950.03,,,1066.16,24645.2
2021-09-13,85324.69,4164.33,13220.5,1806.22,4302.75,128.31,1945.18,,,1053.48,24215.989999999998
2021-09-14,84101.1,3897.67,13432.08,1701.49,4270.21,133.01,1892.52,,,1002.07,23889.079999999994
2021-09-15,88602.63,4237.7,13887.6,1181.32,4370.14,127.31,1995.43,,,1028.05,24148.420000000002
2021-09-16,90489.37,4234.11,13952.8,474.74,4407.0,140.11,2147.67,,,989.62,24009.65
2021-09-17,89388.77,4214.59,13640.52,394.87,4350.46,140.51,2294.31,,,951.21,23407.940000000002
2021-09-18,87714.83,3963.54,13719.36,635.26,4264.07,122.81,2358.92,,,984.63,24348.34
2021-09-19,87597.0,3970.4,13877.74,686.15,4228.57,121.74,2498.92,,,1036.64,24066.769999999997
2021-09-20,83328.85,3875.66,12567.6,652.17,4029.78,104.12,2475.51,,,949.4,21788.05
2021-09-21,76742.11,3524.99,11726.08,596.05,3683.02,96.43,2284.97,,,850.54,20437.820000000003
2021-09-22,77077.12,3509.94,12216.9,682.27,3662.41,106.27,2453.35,,,947.18,22857.58
2021-09-23,81602.43,3586.44,12548.86,706.03,3854.54,107.52,2631.23,,,966.15,24002.36
2021-09-24,81369.42,3690.82,12228.56,719.85,3864.1,106.37,2915.58,,,951.79,23594.749999999996
2021-09-25,79080.41,3513.76,12130.2,721.7,3775.77,103.8,3061.82,,,967.9,23478.74
2021-09-26,80051.96,3483.77,12079.69,737.46,3766.02,105.93,3096.5,,,961.57,22674.830000000005
2021-09-27,81179.13,3384.58,12137.67,770.42,3792.78,102.26,3132.66,,,995.94,22730.75
2021-09-28,78459.96,3419.23,12065.79,776.9,3690.17,99.77,3101.35,,,1030.32,21763.239999999998
2021-09-29,77350.98,3304.61,11581.73,779.86,3659.23,98.56,3099.0,,,1034.85,22072.16
2021-09-30,79124.15,3375.25,11712.72,809.99,3723.67,101.11,3154.55,,,1004.77,23154.760000000002
2021-10-01,81966.01,3400.02,12369.16,852.82,3930.27,103.35,3278.34,,,1129.09,24663.719999999998
2021-10-02,85935.19,3586.7,12602.17,868.55,4107.02,106.71,3506.37,,,1196.02,25256.92
2021-10-03,87195.88,3578.66,12659.58,928.63,4190.26,107.8,3580.94,,,1204.24,25855.14
2021-10-04,87560.52,3620.78,12778.24,929.87,4178.22,112.98,3403.75,,,1179.35,26216.14
2021-10-05,88191.44,3547.64,12920.8,999.92,4225.48,112.94,3665.21,,,1195.41,26386.23
2021-10-06,89583.39,3672.22,12990.0,1011.24,4247.63,113.9,4064.05,,,1200.52,25863.190000000002
2021-10-07,91127.84,3613.71,13030.27,1042.59,4259.2,113.39,4068.23,,,1657.97,25182.59
2021-10-08,90542.19,3685.41,13349.76,1046.06,4156.41,113.93,4070.26,,,3849.09,26132.140000000003
2021-10-09,89973.52,3737.0,13469.43,1044.39,4014.69,112.5,4577.2,,,4839.92,25678.850000000002
2021-10-10,90273.16,3892.36,13334.94,1189.81,3950.24,113.22,4781.22,,,5203.59,25504.430000000004
2021-10-11,87967.88,3812.84,13270.69,1185.2,3874.21,109.61,4717.8,,,5042.05,25285.5
2021-10-12,89850.9,3746.21,13613.68,1216.84,3904.78,108.18,4964.53,,,4918.35,24926.41
2021-10-13,89680.09,3627.99,13546.75,1285.29,3876.57,107.3,5293.41,,,4461.94,26493.85
2021-10-14,92169.06,3698.99,13729.19,1337.52,3939.49,108.02,5757.77,,,4370.64,26712.18
2021-10-15,95272.59,3766.01,13773.84,1367.28,4029.38,96.43,5901.24,,,4424.07,26350.59
2021-10-16,97529.43,3756.02,13817.89,1369.51,4153.74,98.32,6033.18,,,4438.17,26692.940000000002
2021-10-17,97504.21,3831.8,13821.91,1387.43,4174.01,99.21,6131.3,,,4440.14,26979.7
2021-10-18,98113.45,3800.32,13859.49,1403.42,4144.38,99.69,6134.25,,,4582.48,26828.460000000003
2021-10-19,96396.24,3769.63,13971.23,1447.24,4167.88,100.32,6124.66,,,4524.96,26420.370000000003
2021-10-20,98605.48,3841.99,14275.87,1486.88,4225.77,103.26,6262.05,,,4731.25,26998.870000000003
2021-10-21,105094.65,3933.64,14913.43,1547.93,4353.71,107.75,6582.09,,,3747.6,28908.53
2021-10-22,103109.73,3893.39,15022.99,1512.52,4188.93,106.72,6732.6,,,3484.35,28697.329999999994
2021-10-23,101398.68,3868.44,15126.32,1479.74,4101.58,106.62,6735.88,,,3483.05,28570.189999999995
2021-10-24,104835.14,3869.71,15172.11,1529.31,4190.02,108.56,6988.48,,,3598.99,29122.629999999997
2021-10-25,103782.09,3833.46,15071.8,1550.74,4121.78,107.68,7072.07,,,3706.11,29148.53
2021-10-26,106204.77,3895.36,15261.54,1583.73,4209.31,109.91,7485.89,,,4002.63,30133.02
2021-10-27,104831.98,3961.66,14517.62,1878.56,4192.42,111.28,7472.69,,,4355.17,29796.14
2021-10-28,100794.62,3632.08,14396.98,1879.89,4072.55,105.12,7174.36,,,4348.18,27989.970000000005
2021-10-29,106307.21,3742.16,14777.38,1985.0,4425.27,112.69,7386.91,,,4346.47,29095.71
2021-10-30,104102.34,3829.79,14634.29,1998.74,4388.98,257.85,7382.02,,,4248.93,29269.51
2021-10-31,101932.53,3977.51,14491.24,1977.97,4405.9,253.69,7207.45,,,4202.69,28791.56
2021-11-01,101892.33,5899.25,14471.48,2119.64,4409.85,257.67,7317.73,,,4337.25,29045.589999999997
2021-11-02,103360.32,6043.56,14876.73,2193.58,4454.25,259.88,7401.5,,,4192.35,29168.7
2021-11-03,109821.07,6192.93,15129.0,2264.8,4568.73,268.61,7255.97,,,4224.7,29952.550000000007
2021-11-04,110564.67,6142.28,15123.02,2270.1,4621.6,279.96,7389.35,,,4102.98,31976.829999999998
2021-11-05,110186.31,6079.17,15360.57,2258.87,4518.72,287.41,7588.23,,,4168.94,32535.399999999998
2021-11-06,109533.45,6059.83,15250.9,2248.98,4490.23,289.8,7516.01,,,4026.47,32616.629999999997
2021-11-07,110753.26,6043.99,15593.86,2268.13,4456.52,287.16,7754.9,,,4224.86,33460.63
2021-11-08,113594.98,6271.04,15960.58,2304.07,4562.56,292.67,8707.95,,,4323.36,33783.780000000006
2021-11-09,116918.59,6451.1,15719.5,2349.57,4547.79,297.52,8769.82,,,4592.2,34361.41
2021-11-10,115985.92,6653.81,15619.93,2316.41,4486.5,299.84,8938.68,,,4364.78,33450.509999999995
2021-11-11,113252.69,6254.4,15442.71,2257.46,4341.6,279.89,8674.75,,4.84,4075.48,32266.49
2021-11-12,114820.14,6427.9,15565.92,2303.93,4419.44,290.4,8761.67,,299.1,3953.56,33294.119999999995
2021-11-13,113939.72,6351.67,15641.64,2268.82,4373.14,321.7,8728.89,,332.86,4079.93,32984.95
2021-11-14,114362.82,6506.27,15882.53,2233.19,4374.35,328.37,9066.79,,407.29,4111.99,33562.61
2021-11-15,114573.39,6740.78,15837.27,2256.5,4348.36,334.25,9068.08,,562.32,4158.43,33368.1
2021-11-16,112259.14,6703.09,15214.57,2194.67,4269.03,326.75,8828.07,,569.67,3951.38,32528.579999999998
2021-11-17,106779.01,6309.35,14996.64,2060.47,4075.42,306.71,9028.71,,513.42,3764.29,30848.54
2021-11-18,109064.02,6346.59,14660.07,2072.06,4145.47,320.27,9515.4,,606.94,3735.15,31209.14
2021-11-19,104103.1,5962.48,14064.02,1961.63,3883.01,303.9,9166.38,,572.44,3404.11,29597.36
2021-11-20,109852.86,6373.16,14714.09,2004.39,4135.14,337.27,9885.97,,627.87,3648.66,31547.760000000002
2021-11-21,112503.35,6442.94,14675.3,2038.43,4187.85,333.25,10622.04,,638.18,3706.14,32332.059999999998
2021-11-22,110179.52,6460.98,14283.4,2022.97,4151.45,326.88,10806.68,,702.66,3591.85,32526.63
2021-11-23,106598.66,6248.35,14353.24,1924.09,4003.99,320.95,10650.06,,685.05,3221.82,32091.95
2021-11-24,111167.92,6272.69,14520.73,1970.18,4200.82,324.55,10802.47,,790.72,3533.32,32640.27
2021-11-25,110013.36,6149.89,14768.27,1968.59,4183.6,319.28,10936.68,,822.83,3760.19,32116.630000000005
2021-11-26,114141.52,6240.29,14481.79,1987.93,4347.83,324.73,11054.8,,788.17,3724.4,33080.9
2021-11-27,105215.9,5882.99,13962.77,1786.66,4138.19,308.36,10252.29,,740.99,3329.62,31025.35
2021-11-28,105902.44,5871.03,14110.9,1768.74,4150.61,311.22,10541.75,,815.13,3308.92,31342.26
2021-11-29,109748.05,6050.29,14480.7,1675.13,4275.1,314.05,10752.17,,838.6,3376.54,32694.769999999997
2021-11-30,111966.43,6143.68,14608.81,1687.56,4378.84,324.13,11103.11,,847.59,3457.17,33402.979999999996
2021-12-01,114518.83,6123.87,14620.25,1713.0,4421.24,325.9,11355.61,291.85,866.28,3465.23,34439.780000000006
2021-12-02,113588.77,6128.41,14710.94,1664.39,4435.87,314.96,11410.48,288.36,893.77,3481.48,35983.74999999999
2021-12-03,112565.84,6192.05,14316.64,1647.38,4443.0,312.81,11208.75,286.57,934.52,3448.06,35785.740000000005
2021-12-04,107310.19,5922.41,13550.63,1516.86,4316.28,295.82,10892.7,274.21,1082.72,3314.6,33638.75
2021-12-05,103063.93,5547.4,13046.28,1491.41,4174.13,279.82,10165.19,264.14,1041.56,3024.1,33908.89000000001
2021-12-06,104015.88,5362.06,12900.49,1530.68,4269.42,264.09,9922.85,263.29,1040.0,2861.08,32096.069999999996
2021-12-07,107525.41,5649.39,13073.78,1574.89,4396.61,276.65,10170.94,271.88,1096.95,2904.1,32669.31
2021-12-08,107636.99,5809.26,13371.3,1583.4,4418.45,273.82,10145.48,271.04,1118.79,2903.37,32972.78999999999
2021-12-09,109942.55,5865.57,13110.98,1653.05,4605.35,283.47,10282.01,278.36,1131.7,2965.33,33846.97
2021-12-10,104278.6,5705.99,12739.66,1578.43,4339.78,268.85,9943.37,268.05,1093.83,2874.77,31904.41
2021-12-11,100708.0,5651.1,12632.74,1537.43,4237.38,263.79,9473.57,264.08,1127.2,2864.57,30356.389999999996
2021-12-12,103538.05,5857.71,12893.73,1580.88,4332.67,275.38,9367.67,267.78,1213.86,2923.48,30437.89
2021-12-13,104806.38,5839.92,12658.09,1594.34,4389.19,274.69,9462.47,343.76,1249.6,2901.47,31109.16
2021-12-14,98697.02,5548.99,12514.79,1508.52,4143.0,256.2,8602.88,313.44,1200.57,2711.11,28936.52
2021-12-15,99398.64,5635.31,13173.09,1444.81,4270.34,260.0,8820.86,324.71,1259.98,2807.73,30283.14
2021-12-16,102767.36,5661.11,13232.04,1505.35,4373.47,268.45,9079.49,330.59,1340.74,2975.33,31714.469999999998
2021-12-17,101603.97,5531.06,13107.09,1485.67,4331.39,271.39,9182.11,323.27,1395.32,2876.46,31934.22
2021-12-18,100338.17,5256.73,13075.36,1462.45,4325.13,276.55,9433.01,313.48,1366.6,2878.49,32490.09
2021-12-19,102525.8,5309.93,13199.63,1486.77,4428.14,282.04,9729.16,317.18,1413.93,2883.76,34840.21
2021-12-20,102065.52,5279.91,13133.26,1502.49,4433.0,281.12,9536.66,316.64,1402.89,2913.12,35571.950000000004
2021-12-21,101388.4,5208.54,13223.81,1535.28,4420.62,280.65,9821.16,312.27,1379.08,2868.12,36331.69
2021-12-22,104236.6,5352.62,13310.18,1571.85,4581.58,287.08,10241.63,316.94,1457.97,3054.53,38604.22000000001
2021-12-23,103888.53,5310.93,13405.95,1576.52,4661.71,290.07,10119.3,314.24,1446.78,3141.18,38479.2
2021-12-24,106892.79,5516.9,13565.79,1630.22,4896.12,297.73,10373.99,323.26,1499.31,3273.96,40544.240000000005
2021-12-25,106093.61,5475.14,13532.38,1629.4,4880.59,296.72,10101.82,324.29,1556.66,3473.2,40855.58
2021-12-26,107446.95,5524.57,13516.8,1638.74,4976.55,298.27,9884.03,327.18,1590.98,3467.93,41235.079999999994
2021-12-27,107750.68,5562.21,13590.61,1642.43,5122.4,301.17,9891.6,327.63,1776.9,3717.63,41762.39
2021-12-28,107306.88,5508.89,13439.35,1658.75,5032.68,302.49,9701.7,352.52,1784.62,3597.32,39105.45999999999
2021-12-29,103177.29,5328.7,13033.62,1596.07,4876.61,299.45,9397.69,339.61,1771.33,3635.48,37655.04
2021-12-30,100567.71,5352.76,12830.85,1560.1,4772.75,295.31,9411.81,333.13,1749.58,3512.43,37241.240000000005
2021-12-31,101200.51,5249.04,12814.79,1581.13,4845.66,290.45,9509.43,335.34,1735.12,3511.04,38157.71
2022-01-01,100953.13,5209.55,12904.5,1492.44,4811.27,293.75,9418.08,333.33,1746.77,3713.75,38669.280000000006
2022-01-02,102683.53,5217.06,13032.9,1522.0,4933.34,296.11,9604.14,339.31,1769.75,4029.54,40119.15
2022-01-03,103924.83,5267.07,12929.81,1574.87,4979.48,302.55,9593.76,343.78,1780.36,3970.91,39988.229999999996
2022-01-04,103922.28,5210.22,12779.75,1592.46,4954.15,282.35,9458.87,341.0,1770.27,4414.57,39621.530000000006
2022-01-05,104041.85,5178.36,12525.03,1727.86,4984.56,309.74,9215.0,337.73,1802.65,4607.31,39497.15
2022-01-06,99678.01,4964.45,12185.11,1661.39,4751.95,324.8,8977.82,324.65,1689.19,4459.97,37560.93
2022-01-07,97821.71,4913.46,11849.23,1640.89,4703.07,310.46,8913.84,318.32,1669.2,4446.28,36782.64
2022-01-08,94970.89,4821.66,11550.02,1580.97,4563.1,279.12,8548.22,318.34,1616.54,4214.55,35110.950000000004
2022-01-09,92924.83,4649.55,11565.02,1541.39,4499.7,264.96,8382.54,314.27,1616.88,3881.46,34723.58
2022-01-10,94018.98,4761.99,11465.75,1563.17,4578.23,245.62,8660.75,318.14,1597.38,4068.18,35553.78
2022-01-11,92628.2,4642.17,11569.85,1533.33,4516.97,261.8,8490.52,317.43,1620.71,3905.52,34542.86
2022-01-12,95381.64,4744.33,11532.72,1586.98,4736.33,267.29,8731.65,323.61,1698.66,4444.0,36003.57
2022-01-13,97698.31,4902.55,11482.56,1621.62,4863.05,274.26,8965.17,335.77,1748.39,5034.75,37975.71
2022-01-14,95491.27,4797.96,11503.76,1645.77,4762.59,266.97,8740.68,329.76,1706.52,5268.1,37488.43000000001
2022-01-15,96303.32,4840.73,11554.65,1687.66,4841.6,269.17,8752.46,332.98,1725.75,5204.67,38242.310000000005
2022-01-16,96799.64,4889.75,11583.28,1724.04,4879.37,271.09,8993.39,332.69,1744.43,5450.33,39065.560000000005
2022-01-17,97264.64,4972.6,11420.84,1663.76,4879.24,273.2,8864.64,331.24,1733.49,5797.45,39345.48999999999
2022-01-18,94896.28,4956.95,11266.1,1584.62,4746.28,265.41,8525.86,326.23,1710.42,5651.01,37805.979999999996
2022-01-19,94372.62,4853.2,11118.22,1568.76,4661.73,272.2,8536.61,327.32,1732.69,5870.49,37734.56
2022-01-20,93291.05,4902.68,10953.36,1556.95,4598.0,271.04,8374.15,378.34,1735.85,6261.28,37703.939999999995
2022-01-21,91119.27,4798.67,10431.16,1512.83,4498.67,291.81,8098.15,372.76,1782.84,7358.51,37056.08
2022-01-22,81117.22,4426.97,9734.75,1293.35,4025.87,263.61,7334.16,296.6,1649.89,4808.27,33008.44
2022-01-23,76419.95,4237.54,9481.67,1167.94,3815.78,252.21,6901.83,273.85,1592.19,4632.23,31956.680000000004
2022-01-24,78748.89,4207.7,9473.72,1195.83,3952.04,258.95,7020.49,277.55,1634.97,4980.24,32549.25
2022-01-25,76354.51,4128.91,9535.23,1162.61,3842.57,260.59,6781.0,272.84,1553.03,4684.93,31302.82
2022-01-26,77942.71,4183.26,9534.18,1201.77,3959.79,264.69,6755.55,275.94,1608.17,6351.45,31386.949999999997
2022-01-27,79076.91,3872.67,9640.27,1220.92,4006.3,270.15,6766.16,276.94,1658.84,6583.46,31455.52
2022-01-28,73667.98,3860.14,9590.36,1275.58,3853.44,265.86,6505.79,276.36,1662.4,5986.74,29582.03
2022-01-29,74916.47,3920.13,9619.21,1263.04,4045.67,276.89,6725.39,284.17,1786.08,6027.49,28679.28
2022-01-30,76507.89,4045.74,9462.64,1278.69,4196.92,282.97,6948.84,289.54,1817.54,5946.84,28647.2
2022-01-31,76084.44,3874.0,9364.7,1328.74,4172.4,280.12,6828.31,288.01,1797.72,5827.0,27376.25
2022-02-01,77482.69,3955.26,9500.92,1419.18,4240.27,291.77,7029.51,295.17,1849.84,5878.0,28765.59
2022-02-02,79202.34,3935.0,9487.32,1454.33,4394.82,298.12,7345.6,298.88,1863.03,5962.17,29614.02
2022-02-03,77280.67,3841.53,9455.3,1416.42,4291.8,314.44,7207.38,290.16,1817.95,5584.86,27956.39
2022-02-04,77745.62,4198.9,9749.41,1409.54,4254.94,307.07,7320.21,292.12,1820.24,5526.18,28779.91
2022-02-05,83028.49,4435.49,10097.41,1525.22,4518.35,315.94,7815.29,315.76,1887.2,5819.86,30338.97
2022-02-06,84299.74,4483.01,10271.93,1555.5,4584.38,321.65,8037.91,319.0,1919.35,5793.86,31054.659999999996
2022-02-07,85418.82,4567.71,10450.46,1565.16,4631.45,323.87,8148.14,323.47,1972.32,5849.59,31455.62
2022-02-08,87070.29,4676.33,10470.45,1368.05,4621.5,328.35,8224.78,332.68,2046.13,6050.23,32351.86
2022-02-09,87220.12,4662.18,10511.61,1361.18,4726.55,323.33,8447.74,332.98,2069.59,5950.04,31692.559999999998
2022-02-10,88661.92,4747.68,10512.4,1430.94,4835.07,328.18,8679.86,336.63,2134.88,6046.13,32208.02
2022-02-11,86135.9,4656.7,10212.57,1403.78,4729.8,311.48,8519.34,331.04,2144.1,5859.38,31041.929999999997
2022-02-12,83694.81,4404.44,10109.24,1360.22,4457.67,298.97,8360.84,324.93,2075.91,5661.94,30380.4
2022-02-13,83702.67,4395.45,10106.23,1351.66,4291.63,298.63,8351.2,324.21,2085.15,5707.62,30535.790000000005
2022-02-14,83172.07,4432.03,10129.96,1349.67,4191.64,287.37,8298.78,323.2,2109.54,5659.7,30440.81
2022-02-15,83523.46,4405.31,10295.08,1365.3,4127.58,291.55,8395.55,326.66,2167.33,5744.64,31006.780000000002
2022-02-16,87540.16,4561.51,10281.76,1420.81,4235.59,313.18,8726.51,338.05,2221.0,6061.76,32271.320000000003
2022-02-17,87040.07,4504.0,10018.6,1407.0,4006.29,308.82,8860.67,336.96,2225.21,6145.03,33272.7
2022-02-18,82812.8,4316.54,9792.84,1347.31,3625.48,293.44,8672.75,316.58,2107.41,5801.99,31625.56
2022-02-19,81103.22,4345.77,9723.26,1335.96,3451.55,286.75,8632.5,311.29,2138.62,5756.18,31527.899999999994
2022-02-20,80596.86,4337.44,9550.38,1339.93,3433.3,286.01,8628.22,312.3,2118.93,5787.87,31492.64
2022-02-21,78376.35,4263.84,9376.2,1308.9,3303.04,274.57,8470.91,303.61,2067.14,5582.86,31271.670000000006
2022-02-22,76617.99,4158.49,9324.18,1293.92,3267.89,274.05,8222.38,295.52,2057.32,5312.75,30716.019999999997
2022-02-23,77522.68,4274.72,9355.44,1307.47,3236.36,281.52,8383.14,301.19,2064.29,5392.64,31753.420000000002
2022-02-24,76679.86,4184.0,9256.33,1354.43,3187.79,273.53,8330.72,296.81,2179.04,5317.25,32876.4
2022-02-25,76221.87,4213.36,9294.86,1343.73,3141.34,277.58,8262.79,299.17,2192.66,5693.61,33542.56
2022-02-26,78021.04,4102.08,9379.2,1349.19,3285.38,286.05,8389.48,309.52,2199.39,6851.89,35372.68
2022-02-27,78130.77,4041.95,9433.16,1354.76,3266.32,280.34,8360.42,309.16,2187.13,7362.45,36513.259999999995
2022-02-28,75577.82,4002.51,9583.12,1380.47,3157.22,272.87,8150.72,299.63,2135.08,7087.22,34893.909999999996
2022-03-01,80738.13,4282.69,9923.77,1457.12,3446.52,289.14,8903.3,328.18,2239.97,7579.92,39996.24999999999
2022-03-02,81564.46,4277.35,9688.33,1491.7,3466.76,284.86,9074.94,330.43,2240.73,7586.64,40427.71
2022-03-03,81518.02,4274.69,9691.49,1504.61,3465.76,283.18,8982.08,329.18,2251.96,7788.37,40708.83000000001
2022-03-04,79466.2,4165.02,9369.52,1395.05,3077.66,269.47,8699.6,315.92,2207.34,6633.66,39959.84
2022-03-05,76018.98,4044.35,9327.31,1331.91,3047.0,250.87,8545.31,299.55,2164.01,5934.57,38231.34
2022-03-06,77001.8,4150.28,9329.1,1348.92,3088.07,259.92,8630.6,303.93,2199.76,6021.08,39488.310000000005
2022-03-07,75132.59,4045.65,9248.08,1304.28,2985.45,248.1,8508.71,296.83,2143.52,4877.27,37859.01
2022-03-08,74678.91,4062.23,9221.72,1289.25,2961.17,248.25,8486.48,295.64,2141.3,4839.23,38543.21
2022-03-09,75882.39,4157.9,9586.62,1318.59,2986.94,258.59,8634.01,299.43,2148.47,4863.5,40719.03999999999
2022-03-10,78869.08,4204.7,9651.12,1338.72,3075.94,283.22,8826.89,315.37,2228.8,4901.27,43933.240000000005
2022-03-11,76681.8,4123.35,9466.0,1312.81,2946.8,276.28,8687.0,298.25,2171.11,4524.15,42985.62
2022-03-12,75814.91,4150.78,9510.23,1305.9,2906.21,266.11,8639.62,303.21,2224.5,4616.07,41998.98
2022-03-13,76139.01,4162.89,9418.91,1314.33,2856.65,269.21,8597.11,302.85,2264.04,4500.02,41875.13
2022-03-14,74980.18,4091.56,9411.59,1301.17,2833.3,257.23,8489.51,298.15,2258.4,4309.13,41679.34
2022-03-15,76255.83,4135.88,9472.56,1318.14,2934.24,256.75,8570.6,306.82,2295.86,4253.53,43281.36
2022-03-16,77192.6,4160.8,9579.31,1336.07,2934.75,257.12,8649.07,307.15,2469.49,4314.74,42722.12000000001
2022-03-17,80737.61,4155.62,9777.57,1413.32,3060.35,246.71,8818.04,315.84,2661.75,4519.62,43342.36
2022-03-18,81081.11,4133.46,9809.53,1418.08,3113.4,274.14,8980.37,315.7,2645.43,4463.36,42924.7
2022-03-19,83639.95,4218.8,9938.15,1453.26,3207.21,298.39,9169.21,323.84,2728.98,4561.19,45004.67
2022-03-20,83995.92,4197.37,9831.9,1450.97,3204.06,296.85,9135.45,324.82,2758.64,4622.26,45292.68
2022-03-21,82533.14,4173.23,9758.91,1412.53,3149.93,303.96,8936.06,321.03,2736.53,4488.75,44908.409999999996
2022-03-22,85121.49,4173.56,10221.82,1543.61,3339.56,317.84,9230.77,322.09,2764.23,4608.48,45857.630000000005
2022-03-23,86777.92,4286.75,10394.41,1586.66,3410.01,323.17,9108.31,330.24,2844.34,4569.07,45772.12
2022-03-24,87963.16,4306.67,10615.5,1635.69,3503.28,352.62,9069.28,330.96,2885.63,4539.99,46049.2
2022-03-25,88986.12,4361.08,10717.99,1691.72,3660.5,347.64,8862.34,339.16,2861.69,4536.07,46399.04
2022-03-26,88081.1,4314.36,10891.27,1747.91,3758.54,342.36,8635.65,340.59,2870.61,4628.71,45659.969999999994
2022-03-27,89074.88,4429.71,11192.22,1595.33,3803.25,347.68,8802.32,341.13,2911.69,4680.96,46340.810000000005
2022-03-28,91694.72,4543.79,11253.18,1646.3,3926.61,360.89,9020.99,351.7,3007.33,4761.05,47189.7
2022-03-29,92256.35,4594.26,11389.06,1660.96,3945.81,362.96,9130.54,354.25,3011.9,4753.9,48622.98
2022-03-30,93181.31,4562.32,11356.74,1675.4,3947.19,375.4,9177.51,356.89,3045.84,4742.57,51087.20999999999
2022-03-31,93770.62,4749.43,11341.35,1636.64,4028.77,408.05,9317.89,358.16,3080.0,4756.86,51393.94
2022-04-01,89725.61,4725.63,11483.68,1612.66,3932.48,404.82,9246.68,352.26,3076.36,4728.23,51453.12
2022-04-02,93110.44,4734.38,11699.58,1651.35,4063.17,415.71,9373.55,355.7,3197.24,4938.35,52309.86
2022-04-03,92774.23,4651.7,11795.65,1654.04,4054.75,416.44,9370.78,353.55,3153.21,4817.39,53830.42999999999
2022-04-04,93958.52,4636.9,11832.45,1663.31,4089.09,418.72,9432.67,354.37,3195.15,4938.88,53502.310000000005
2022-04-05,94107.45,4574.95,11821.8,1669.89,4092.56,389.04,9401.34,356.21,3209.48,4825.2,53444.29
2022-04-06,91471.86,4383.4,11489.39,1651.55,4029.08,393.57,9183.41,349.18,3181.09,4607.19,52653.94
2022-04-07,88197.87,4238.72,11444.75,1608.21,3850.83,395.91,8828.61,342.65,3160.39,4374.45,49207.59
2022-04-08,89911.72,4248.57,11632.23,1605.15,3890.89,405.81,9026.91,343.71,3186.47,4411.43,49429.61
2022-04-09,88965.95,4152.98,11564.53,1642.98,3848.55,391.88,8888.88,340.65,3082.34,4338.8,47311.50999999999
2022-04-10,90165.39,4241.67,11516.45,1648.62,3891.37,396.9,8960.91,339.38,3131.8,4391.14,47793.36
2022-04-11,89382.05,4144.08,11207.27,1635.88,3793.34,388.46,8840.95,331.49,3165.78,4305.76,46951.91
2022-04-12,84458.66,3957.14,10974.57,1576.65,3517.81,362.13,8405.69,314.74,3091.48,4095.8,44232.37
2022-04-13,85518.95,4015.95,11166.57,1587.76,3563.13,373.22,8466.29,314.63,3128.28,4149.71,44844.03999999999
2022-04-14,87280.85,4113.43,11154.74,1615.88,3579.76,379.68,8686.32,330.93,3043.48,4284.54,45820.26
2022-04-15,85459.34,4029.65,11103.59,1597.25,3506.17,387.65,8458.99,329.75,3111.75,4250.62,44798.70999999999
2022-04-16,86054.17,4097.66,11214.04,1606.85,3538.15,389.36,8481.37,331.05,3075.35,4244.74,45172.909999999996
2022-04-17,86515.47,4086.24,11186.29,1610.46,3530.39,387.59,8584.51,332.42,3037.39,4208.22,45464.130000000005
2022-04-18,84873.87,3995.91,11134.1,1597.83,3458.59,379.39,8516.34,323.14,2937.64,4127.53,44615.840000000004
2022-04-19,86288.61,4095.21,11260.08,1603.17,3531.18,390.77,9225.4,328.83,2886.58,4175.52,47404.48
2022-04-20,87006.5,4138.11,11398.87,1562.36,3549.25,420.5,9311.82,332.92,2908.5,4170.2,47896.369999999995
2022-04-21,86880.3,4133.72,11120.88,1537.43,3476.21,445.68,9348.87,336.1,2965.57,4050.47,48238.79000000001
2022-04-22,84586.42,4384.55,11119.23,1516.43,3414.75,438.73,9087.23,328.02,2950.03,3966.19,47160.13
2022-04-23,84225.15,4182.16,11089.43,1506.79,3385.94,432.19,8829.34,324.62,3018.21,3933.4,47725.05
2022-04-24,83832.97,4219.78,11053.91,1504.8,3370.72,445.26,8725.58,336.24,3037.94,3911.3,47292.03
2022-04-25,83306.09,4135.83,11390.25,1492.99,3346.9,440.21,8480.32,335.29,3011.33,3781.98,46686.200000000004
2022-04-26,86057.98,4191.98,11318.37,1494.86,3351.59,463.34,8314.91,341.02,2981.96,3835.7,48897.28
2022-04-27,82185.63,4020.78,11152.31,1443.17,3216.61,442.86,8017.45,327.53,2977.38,3675.18,46499.450000000004
2022-04-28,83960.78,4085.54,11253.12,1434.26,3255.91,446.37,8054.8,329.13,2944.12,3746.87,47244.86000000001
2022-04-29,84449.15,4103.48,10675.34,1441.31,3207.52,440.3,7973.54,333.26,2992.45,3606.27,47358.04
2022-04-30,82222.61,4088.02,10399.1,1411.23,3091.68,415.28,7782.59,340.22,2903.97,3213.63,46343.64000000001
2022-05-01,80156.31,3995.2,10357.73,1371.59,2986.83,390.93,7504.63,330.65,2742.54,2753.47,44307.369999999995
2022-05-02,81648.3,4293.54,10499.78,1382.3,3037.09,403.19,7574.81,335.56,2570.81,2949.77,45233.240000000005
2022-05-03,82033.52,4265.57,10462.31,1392.86,3043.75,398.61,7607.54,330.92,2315.87,3000.85,45436.75
2022-05-04,81144.21,4323.39,10602.83,1382.75,3354.03,395.33,7600.65,326.85,2440.01,2984.67,45248.39
2022-05-05,84263.25,4735.69,10518.53,1420.47,3481.5,419.2,7820.95,339.33,2550.55,3176.64,47018.6
2022-05-06,80112.78,4344.37,10418.91,1372.89,3431.12,389.05,7417.73,318.98,2424.68,2987.11,45494.92
2022-05-07,79359.24,4725.62,10426.46,1368.15,3488.01,387.79,7222.72,344.37,2382.76,2984.79,44302.48
2022-05-08,77061.73,4670.19,10204.47,1357.79,3575.66,379.69,7073.82,344.51,2307.27,2909.94,40681.74
2022-05-09,74436.51,4815.18,9528.77,1340.18,3486.54,371.69,6948.75,334.77,2218.13,2903.89,38766.950000000004
2022-05-10,68238.75,4334.83,9177.68,1255.92,3112.65,349.48,6032.22,305.19,1928.98,2611.87,27071.260000000002
2022-05-11,69073.89,4448.84,8825.93,1284.55,3143.85,354.43,6054.43,310.06,1950.42,2379.7,23276.000000000004
2022-05-12,59712.96,4308.24,8102.65,1190.37,2714.29,298.75,5142.73,275.33,1746.77,1686.58,15933.63
2022-05-13,54463.39,3732.3,7353.79,1081.23,2388.16,276.72,4167.68,273.86,1550.37,1402.93,11936.759999999998
2022-05-14,55209.41,4117.92,7680.56,1091.35,2461.6,270.84,4144.81,282.92,1483.27,1354.61,11486.04
2022-05-15,55449.23,4222.39,7450.36,1092.41,2426.2,265.57,4283.51,287.34,1487.66,1387.68,11658.529999999999
2022-05-16,57056.18,4236.0,7730.81,1105.86,2495.23,272.39,4361.41,298.1,1509.96,1328.62,11959.220000000001
2022-05-17,55111.95,4190.04,7562.69,1096.36,2372.72,268.52,4155.01,288.9,1458.62,1201.03,11375.8
2022-05-18,56625.74,4315.78,7726.18,1079.1,2392.21,270.45,4198.25,294.93,1488.04,1153.97,11420.0
2022-05-19,53792.02,4259.04,7458.9,1033.58,2276.93,262.62,3771.74,283.17,1418.35,1070.59,10730.889999999998
2022-05-20,55790.68,4348.18,7747.02,1050.3,2292.47,264.22,3715.55,295.52,1447.51,1066.46,10894.089999999998
2022-05-21,54220.88,4275.34,7746.22,1046.54,2251.09,260.66,3639.11,286.38,1428.47,1081.63,10556.28
2022-05-22,54509.81,4350.95,7900.27,1055.42,2256.9,264.58,3635.98,290.71,1439.13,1129.21,10694.339999999998
2022-05-23,56170.74,5219.75,8003.41,1018.41,2297.9,269.49,3674.96,297.77,1449.72,1168.32,10932.88
2022-05-24,55338.58,5263.61,7964.08,1017.93,2256.91,260.01,3575.1,288.21,1403.35,1163.66,10742.59
2022-05-25,55623.49,5369.16,8090.87,1019.21,2299.82,262.26,3616.41,292.65,1406.46,1166.84,10675.59
2022-05-26,55240.52,5856.86,8097.07,1019.08,2297.43,250.71,3523.86,291.63,1374.79,1148.14,10706.099999999999
2022-05-27,52449.23,5754.58,7725.23,993.08,2195.49,253.69,3294.03,284.16,1330.55,1138.49,10171.439999999999
2022-05-28,51327.56,5750.19,7653.74,985.23,2162.52,237.75,3224.86,280.18,1331.31,1109.78,9861.779999999999
2022-05-29,52475.63,5785.05,7691.78,998.18,2177.29,234.57,3249.12,307.69,1341.48,1124.08,9960.3
2022-05-30,52629.19,5854.06,7591.35,1002.73,2169.62,257.52,3282.98,312.13,1356.12,1142.48,10086.24
2022-05-31,56160.47,6012.83,7870.51,1040.54,2258.82,262.46,3386.96,582.88,1407.54,1153.75,10516.58
2022-06-01,55508.22,6077.34,7855.67,1034.74,2229.06,266.48,3372.48,591.47,1404.15,1163.83,10559.53
2022-06-02,53133.01,6047.51,7452.89,1002.79,2129.46,305.79,3281.85,557.44,1351.25,1121.87,10130.359999999999
2022-06-03,53448.61,6168.56,7553.68,1020.28,2128.83,316.15,3231.64,567.73,1369.43,1135.83,10160.36
2022-06-04,52320.58,6025.04,7413.79,996.02,2090.44,325.32,3176.02,554.92,1342.22,1097.88,9758.51
2022-06-05,52219.68,5990.27,7376.31,997.66,2105.29,340.1,3169.09,562.86,1342.26,1089.59,9698.910000000002
2022-06-06,52576.72,6064.22,7357.19,1001.07,2111.69,343.74,3200.17,566.89,1344.84,1093.97,9456.999999999998
2022-06-07,52469.32,6154.18,7285.4,1001.48,2131.51,346.84,3293.43,571.54,1323.47,1098.11,9661.23
2022-06-08,52717.56,6294.56,7303.75,1001.01,2127.35,350.66,3294.71,577.19,1257.77,1093.5,9591.2
2022-06-09,52422.81,6243.7,7225.46,992.72,2076.81,343.93,3298.67,565.29,1265.52,1068.86,9550.24
2022-06-10,52112.26,6202.58,7006.64,993.36,2082.86,322.41,3328.5,561.04,1257.85,1053.68,9480.18
2022-06-11,49551.62,6050.15,6945.59,968.9,2004.21,318.61,3209.13,545.52,1267.9,986.04,9164.119999999999
2022-06-12,47030.24,5869.5,6831.47,932.15,1869.46,308.22,3086.15,527.18,1228.9,941.94,8702.7
2022-06-13,44826.08,5727.65,6712.52,900.89,1798.75,281.59,2892.48,498.91,1185.25,873.68,8119.3099999999995
2022-06-14,38844.01,4734.61,5648.95,821.34,1575.45,254.06,2386.18,435.11,1095.42,770.07,7406.89
2022-06-15,37925.98,4016.15,5675.85,812.45,1522.11,253.65,2285.76,430.41,1087.47,765.74,7407.74
2022-06-16,37832.92,4257.79,5623.42,768.22,1487.97,254.89,2193.82,445.19,1041.18,759.17,7409.2
2022-06-17,34697.85,3966.81,5334.26,735.04,1390.64,243.75,2085.13,407.77,1011.44,716.84,6865.400000000001
2022-06-18,35260.98,4013.96,5401.12,728.46,1388.14,235.75,2118.7,412.41,1019.15,728.68,7021.469999999999
2022-06-19,32947.2,3935.17,5090.13,678.65,1333.74,221.44,2055.07,392.79,987.06,684.68,6729.18
2022-06-20,34749.02,3984.72,5223.09,700.5,1378.16,237.51,2105.74,413.86,1014.66,703.51,6928.3099999999995
2022-06-21,35307.27,4036.16,5309.26,708.75,1391.69,272.43,2135.17,418.22,1017.6,708.16,7017.049999999999
2022-06-22,35287.8,4084.46,5286.22,710.61,1394.21,275.0,2174.96,421.41,1100.86,710.7,7253.46
2022-06-23,34798.79,4032.65,5242.39,684.94,1379.04,303.08,2149.93,417.27,1098.42,700.71,7152.67
2022-06-24,36149.75,4074.95,5309.43,707.26,1439.77,312.62,2233.89,433.03,1126.69,713.7,7402.17
2022-06-25,37299.58,4128.83,5361.87,712.68,1457.99,316.72,2301.05,438.79,1152.81,724.83,7639.639999999999
2022-06-26,37551.22,4129.22,5375.85,706.69,1451.62,307.52,2324.8,443.17,1160.64,685.19,7676.960000000001
2022-06-27,36869.86,4105.9,5340.18,700.27,1426.18,300.27,2271.62,434.25,1140.46,667.82,7480.189999999999
2022-06-28,36391.35,4108.93,5344.06,690.81,1412.27,286.38,2234.97,429.2,1142.19,669.3,7457.03
2022-06-29,35431.62,3973.75,5339.21,686.77,1392.8,292.45,2245.07,420.22,1128.98,658.5,7272.780000000001
2022-06-30,34737.56,3917.82,5352.13,683.59,1359.96,276.58,2184.27,417.17,1114.31,637.53,7162.06
2022-07-01,34464.67,3945.6,5329.55,679.73,1347.15,270.03,2198.31,423.05,1116.94,580.38,7082.740000000001
2022-07-02,34328.21,3904.85,5358.56,676.93,1349.37,270.97,2180.2,405.76,1105.31,569.8,7004.0599999999995
2022-07-03,34517.1,4769.67,5345.45,688.2,1367.86,284.75,2169.59,407.12,1102.78,565.35,7018.15
2022-07-04,34717.58,4833.51,5513.25,573.86,1340.15,276.28,2188.85,408.34,1100.97,573.59,7215.76
2022-07-05,36166.95,4898.39,5548.7,580.24,1371.22,289.21,2250.3,427.1,1124.94,585.27,7405.06
2022-07-06,36097.83,5307.96,5567.01,580.43,1381.69,285.8,2212.1,423.22,1121.8,579.3,7269.81
2022-07-07,36766.29,5287.68,5743.41,587.81,1401.14,285.82,2255.41,429.96,1135.02,580.79,7407.18
2022-07-08,37241.24,5366.8,5644.99,613.88,1446.53,288.84,2314.38,447.38,1152.67,594.28,7619.460000000001
2022-07-09,36513.11,5865.95,5603.44,604.09,1435.96,286.74,2318.98,443.94,1160.42,593.83,7615.0599999999995
2022-07-10,36533.97,5837.31,5690.88,615.75,1442.93,289.62,2325.86,444.08,1161.65,595.26,7613.530000000001
2022-07-11,35628.14,5755.51,5572.0,597.5,1402.36,284.13,2298.2,431.43,1139.98,578.56,7439.639999999999
2022-07-12,34370.8,5621.19,5375.95,572.03,1370.64,273.91,2233.49,416.07,1124.3,534.29,7194.349999999999
2022-07-13,33202.13,5595.72,5285.7,564.39,1344.19,270.56,2188.47,405.86,1115.65,525.96,7167.67
2022-07-14,34137.4,5681.18,5414.89,582.09,1394.8,280.05,2290.61,421.75,1139.34,530.67,7316.22
2022-07-15,35392.91,5682.01,5532.47,592.65,1431.64,293.04,2309.19,429.0,1145.86,539.5,7444.0
2022-07-16,35959.72,5728.83,5531.87,600.58,1433.12,300.7,2320.28,432.97,1155.26,533.47,7483.42
2022-07-17,37467.86,5805.28,5648.38,625.89,1444.23,323.35,2367.74,448.71,1174.47,533.95,7730.33
2022-07-18,37367.71,5759.3,5644.07,616.81,1435.81,327.46,2358.59,441.95,1168.51,529.42,7657.330000000001
2022-07-19,40765.31,5847.91,5865.66,666.36,1539.67,352.1,2514.59,473.56,1208.65,552.45,8116.1
2022-07-20,40524.13,5875.54,5930.21,649.21,1552.31,357.26,2578.18,481.27,1217.2,567.94,8217.82
2022-07-21,40102.68,5850.17,5840.67,644.25,1524.8,361.16,2538.36,480.18,1204.65,555.53,8019.509999999999
2022-07-22,40694.71,5885.71,5942.63,643.98,1570.38,380.48,2567.99,484.98,1210.58,575.75,8151.749999999999
2022-07-23,41018.68,5816.55,5901.38,647.22,1555.83,385.98,2583.63,477.96,1202.14,568.54,8044.469999999999
2022-07-24,40953.76,5807.78,5887.87,643.54,1562.46,397.96,2582.19,477.46,1190.22,575.4,8023.35
2022-07-25,41643.29,5767.49,5838.4,668.56,1570.71,394.25,2564.34,476.45,1189.11,580.48,8005.989999999999
2022-07-26,39190.18,5687.68,5634.9,672.37,1504.64,399.38,2495.23,459.14,1172.66,550.45,7845.88
2022-07-27,39012.12,5653.3,5656.77,776.55,1484.01,406.57,2449.3,454.16,1160.81,544.1,7712.389999999999
2022-07-28,41864.66,5755.47,5897.62,732.88,1569.84,450.78,2534.89,487.73,1199.09,575.4,8111.45
2022-07-29,43497.19,5890.89,6028.1,742.31,1633.16,492.99,2576.56,508.26,1217.08,588.34,8321.689999999999
2022-07-30,43367.59,5868.43,6164.09,748.78,1625.66,528.54,2495.83,508.56,1225.08,584.48,7946.0
2022-07-31,43223.4,5909.51,6109.21,756.25,1640.1,532.6,2523.27,504.45,1223.83,586.01,8038.849999999999
2022-08-01,42991.28,5896.38,6066.32,743.95,1615.42,530.11,2502.28,501.45,1219.94,578.58,7991.19
2022-08-02,42499.71,5879.83,6012.63,743.82,1574.79,526.25,2438.31,498.61,1227.12,585.89,7885.479999999999
2022-08-03,41862.68,5773.35,5938.53,749.83,1545.84,531.35,2391.79,491.86,1244.33,571.4,7445.830000000001
2022-08-04,42544.22,5776.79,6155.48,768.99,1530.87,546.79,2415.32,497.28,1239.38,557.34,7490.11
2022-08-05,42844.37,5792.83,6185.62,780.74,1529.66,764.3,2364.15,495.22,1224.93,566.75,8168.679999999999
2022-08-06,43996.21,5853.66,6269.97,804.37,1552.88,982.54,2373.06,508.97,1240.85,574.93,8089.69
2022-08-07,43300.82,5841.92,6211.03,804.67,1532.68,1041.91,2342.22,501.41,1236.51,562.7,8019.57
2022-08-08,44240.33,5845.9,6348.34,837.3,1552.52,1073.76,2352.16,504.83,1237.12,571.87,8125.84
2022-08-09,44601.45,5901.39,6389.34,837.85,1563.54,1093.28,2397.51,514.3,1249.38,571.37,8289.07
2022-08-10,43065.92,5801.0,6279.82,820.28,1522.93,1064.43,2355.89,493.21,1221.09,551.85,7849.999999999999
2022-08-11,45954.58,5938.35,6458.94,882.84,1574.89,1145.72,2414.03,519.6,1255.4,591.88,8220.67
2022-08-12,45985.4,5912.64,6361.0,898.08,1600.03,1134.45,2391.99,520.32,1245.64,576.52,8154.549999999999
2022-08-13,46580.27,5922.28,6380.68,937.4,1602.43,1142.7,2424.96,529.38,1248.35,578.79,8341.62
2022-08-14,46876.27,5925.32,6389.07,926.9,1830.27,1098.47,2413.52,532.36,1179.33,574.56,8286.3
2022-08-15,46043.27,5906.35,6295.28,915.21,1903.73,1064.6,2382.05,528.66,1136.57,567.07,8084.870000000001
2022-08-16,45312.56,5856.31,6263.65,909.01,1963.56,1056.37,2341.39,521.51,1081.81,552.15,7956.57
2022-08-17,45325.24,5897.11,6239.6,896.4,2025.04,1030.48,2321.47,522.97,1096.55,550.18,8108.509999999999
2022-08-18,44468.98,5822.07,6060.9,893.51,2005.58,1025.37,2282.14,514.85,1071.77,537.31,7866.68
2022-08-19,44161.99,5749.31,5951.35,889.9,2004.74,898.07,2230.59,506.32,1049.98,532.09,7639.52
2022-08-20,41033.96,5614.34,5796.79,864.9,1922.95,859.4,2150.62,470.5,951.63,519.39,7287.790000000001
2022-08-21,40450.73,5643.57,5795.69,866.0,1915.85,835.13,2140.85,474.42,947.1,511.92,7239.16
2022-08-22,40661.22,6062.1,5963.32,886.58,1975.06,858.02,2157.91,490.11,945.91,520.92,7347.629999999999
2022-08-23,40736.35,6090.97,5966.74,882.61,1980.26,856.76,2139.91,493.28,942.8,515.52,7330.81
2022-08-24,40981.33,6037.65,5972.46,887.6,1973.02,874.73,2193.63,495.69,944.59,511.56,7362.339999999999
2022-08-25,42372.16,5993.15,5997.03,906.9,1891.13,871.32,2200.33,497.15,946.87,515.73,7412.379999999999
2022-08-26,42636.23,6064.41,6014.11,918.14,1876.69,889.07,2239.77,500.02,937.19,518.0,7461.33
2022-08-27,39942.62,5811.69,5815.23,887.63,1717.56,852.93,2152.36,470.74,920.02,494.5,7083.95
2022-08-28,39651.28,5787.41,5777.41,877.57,1697.21,869.84,2116.91,466.76,917.57,486.08,7097.599999999999
2022-08-29,38750.65,5654.7,5693.37,862.94,1665.66,847.81,2061.6,457.12,907.23,481.66,6913.259999999999
2022-08-30,40509.36,5771.99,5857.01,905.52,1707.95,882.45,1950.95,473.0,920.05,498.27,7139.599999999999
2022-08-31,40435.49,5753.43,5846.12,897.01,1692.68,894.89,1931.81,467.37,919.02,489.85,7085.2699999999995
2022-09-01,40264.93,5708.7,5784.75,884.5,1673.33,898.16,1909.39,467.28,914.43,483.75,7023.17
2022-09-02,40837.57,5746.49,5808.46,901.89,1662.65,903.65,1889.88,474.01,913.27,485.56,7196.83
2022-09-03,40847.46,5718.42,5794.88,912.32,1639.45,907.3,1874.76,472.99,909.77,483.15,7150.719999999999
2022-09-04,40505.4,5749.14,5796.72,909.41,1642.61,901.08,1866.62,470.21,902.87,478.0,7202.739999999999
2022-09-05,40646.38,5617.97,5792.78,912.07,1638.78,906.03,1863.06,471.91,905.09,481.4,7271.75
2022-09-06,41536.35,5619.0,5950.92,913.87,1615.43,888.61,1883.3,477.66,916.18,484.9,7369.419999999999
2022-09-07,39523.77,5406.73,5680.33,876.15,1511.75,839.77,1793.17,451.2,870.14,460.43,7049.35
2022-09-08,40617.43,5487.6,5819.56,880.8,1506.93,856.67,1819.15,466.29,871.46,477.66,7206.29
2022-09-09,40712.98,5522.03,5849.82,887.87,1469.67,853.08,1799.03,466.38,874.86,466.01,7295.219999999999
2022-09-10,42110.45,5743.04,5968.13,906.65,1463.7,883.39,1764.89,493.84,886.89,483.18,7419.779999999999
2022-09-11,42999.23,5781.31,6024.89,927.05,1470.13,886.76,1761.03,504.47,893.16,475.63,7486.2699999999995
2022-09-12,42530.66,5792.39,5936.98,920.6,1445.05,883.59,1754.11,501.37,847.04,469.73,7364.01
2022-09-13,41832.53,5827.9,5970.82,898.21,1406.0,886.27,1744.83,503.47,846.35,465.05,7456.33
2022-09-14,39198.78,5519.12,5727.35,856.32,1329.94,851.09,1648.7,468.04,814.24,445.86,6994.229999999999
2022-09-15,38670.14,5543.93,5625.04,844.2,1317.31,827.11,1641.48,471.14,814.02,443.4,6999.250000000001
2022-09-16,36971.83,5534.85,5654.4,817.61,1241.74,820.33,1612.83,458.72,807.21,429.81,6885.360000000001
2022-09-17,36836.39,5521.1,5759.94,856.88,1239.3,822.31,1627.45,459.91,813.03,432.6,6955.11
2022-09-18,37354.92,5572.23,5773.32,884.23,1256.43,836.5,1655.26,462.11,824.04,436.94,7027.110000000001
2022-09-19,35770.58,5481.57,5659.54,850.75,1201.53,816.74,1689.99,445.79,809.0,419.64,6745.030000000001
2022-09-20,36119.01,5462.73,5750.69,875.81,1205.54,828.78,1705.49,448.31,810.79,420.2,6818.3600000000015
2022-09-21,36025.82,5384.4,5743.25,856.28,1182.79,840.69,1673.2,440.46,808.87,418.72,6712.85
2022-09-22,34799.61,5301.95,5772.46,846.22,1142.06,805.36,1655.89,431.0,800.87,409.55,6571.41
2022-09-23,37078.03,5440.83,5893.41,889.93,1185.38,827.24,1680.71,447.51,818.39,413.78,6845.930000000001
2022-09-24,37065.06,5395.77,5901.45,889.28,1175.59,830.29,1690.75,444.96,843.22,415.29,6861.79
2022-09-25,36747.93,5362.11,5879.66,889.65,1173.88,834.58,1668.06,441.95,827.1,414.04,6796.0599999999995
2022-09-26,36518.14,5368.41,5882.82,900.52,1169.7,825.36,1676.32,439.3,820.3,414.37,6743.509999999999
2022-09-27,37230.74,5402.57,5933.36,921.32,1197.83,837.64,1692.91,446.35,821.24,417.28,6837.2699999999995
2022-09-28,37295.24,5373.4,5896.9,908.43,1174.51,841.86,1692.04,445.85,815.29,406.53,6753.96
2022-09-29,37366.39,5426.65,5967.74,908.87,1184.32,894.95,1696.89,449.13,814.42,406.9,6738.039999999999
2022-09-30,37356.75,5488.94,5968.18,903.27,1194.39,905.3,1684.73,451.22,811.8,404.1,6812.550000000002
2022-10-01,37216.32,5524.17,5943.12,898.49,1205.27,900.23,1687.74,449.3,809.36,401.27,6759.2300000000005
2022-10-02,37508.2,5548.03,5925.93,894.5,1199.44,901.25,1678.4,448.16,812.76,401.07,6729.340000000001
2022-10-03,36903.64,5547.26,5948.58,887.72,1189.91,898.99,1657.16,443.64,811.65,394.72,6643.2
2022-10-04,37340.06,5807.02,5982.65,897.4,1214.91,919.66,1679.96,453.0,812.35,398.26,6709.63
2022-10-05,37926.61,5700.28,6076.04,912.65,1228.06,928.11,1687.71,463.15,818.97,400.89,6785.33
2022-10-06,37971.96,5671.53,6057.51,937.88,1256.05,918.48,1680.08,465.08,816.34,400.16,6754.37
2022-10-07,37917.21,5673.46,6057.59,917.98,1227.84,922.15,1654.12,460.43,810.56,396.46,6696.179999999999
2022-10-08,37607.8,5615.97,6033.84,914.33,1188.68,901.46,1508.26,453.7,807.11,413.06,6658.040000000001
2022-10-09,37281.13,5590.06,5985.13,909.91,1183.18,922.35,1506.38,451.2,806.55,412.21,6622.029999999999
2022-10-10,37406.07,5601.42,5994.54,914.03,1199.21,920.72,1512.62,453.6,799.4,405.77,6657.23
2022-10-11,36710.65,5543.69,5937.02,903.61,1177.88,909.67,1493.42,443.42,789.06,390.11,6557.54
2022-10-12,36701.16,5557.29,5930.46,905.02,1171.65,914.8,1613.13,443.82,787.32,427.48,6401.2
2022-10-13,36892.0,5579.03,5911.21,891.47,1151.82,906.53,1486.84,443.48,783.06,426.07,6227.09
2022-10-14,36381.08,5545.06,5918.85,901.34,1136.26,916.12,1488.68,445.51,785.3,432.84,6170.93
2022-10-15,36424.32,5658.84,5891.12,902.13,1098.77,919.13,1458.43,442.47,782.52,428.62,6121.509999999999
2022-10-16,36309.63,5548.16,5885.98,906.66,1148.66,919.78,1452.52,442.64,784.82,429.34,6116.679999999999
2022-10-17,36753.93,5487.2,5915.25,915.22,1153.57,927.6,1458.59,444.41,784.78,428.24,6185.869999999999
2022-10-18,37229.77,5565.26,5917.32,926.87,1167.36,898.83,1475.62,451.32,795.08,432.89,6221.51
2022-10-19,36884.47,5513.01,5903.32,922.22,1147.48,907.73,1449.38,430.14,788.82,430.87,6129.22
2022-10-20,36301.63,5497.3,5909.08,906.28,1133.01,913.75,1433.26,425.38,792.81,428.27,6044.8099999999995
2022-10-21,36085.07,5347.62,5845.34,890.72,1113.96,907.23,1395.76,424.97,789.35,424.26,5994.110000000001
2022-10-22,36255.81,5281.57,5862.17,907.98,1122.69,907.16,1407.96,427.73,793.15,429.89,6034.12
2022-10-23,36384.11,5307.44,5872.49,904.5,1113.99,907.57,1400.92,429.41,791.11,428.29,6054.82
2022-10-24,37259.82,5315.52,5929.57,924.07,1139.71,914.3,1417.99,436.59,797.47,430.21,6179.09
2022-10-25,36800.46,5263.56,5912.05,924.16,1133.75,911.44,1403.76,435.5,797.44,427.06,6026.329999999999
2022-10-26,38749.22,5386.74,6105.53,956.07,1154.82,930.08,1422.34,451.01,801.86,433.41,6210.8
2022-10-27,40240.09,5494.48,6173.35,973.42,1160.76,948.27,1418.04,463.43,814.64,435.47,6338.64
2022-10-28,39571.19,5429.67,6123.19,970.33,1146.14,979.04,1405.54,456.36,806.32,431.89,6276.790000000001
2022-10-29,40014.12,5455.68,6197.44,981.46,1180.89,992.34,1439.81,461.3,812.58,437.1,6399.5
2022-10-30,41112.8,5437.92,6347.21,1011.48,1187.31,1016.66,1423.78,466.97,805.99,436.51,6463.590000000001
2022-10-31,40641.91,5369.4,6462.74,998.0,1175.41,1003.82,1415.29,463.43,810.68,441.78,6442.08
2022-11-01,40235.21,5357.1,6292.57,997.12,1161.6,977.2,1430.94,463.41,823.52,441.86,6448.34
2022-11-02,40218.29,5206.01,6444.82,1005.67,1168.83,963.53,1415.72,461.97,818.56,434.43,6456.37
2022-11-03,39476.55,5175.14,6293.49,997.19,1163.99,908.28,1402.34,453.41,812.63,430.23,6413.630000000001
2022-11-04,39669.98,5163.44,6479.89,1011.27,1201.76,867.02,1402.87,456.08,815.18,449.62,6437.88
2022-11-05,41549.0,5297.56,6636.0,1048.44,1283.89,876.42,1419.69,474.65,827.7,454.5,6734.410000000001
2022-11-06,41365.85,5316.5,6675.66,1053.1,1272.19,876.86,1416.34,324.44,834.94,456.17,6809.01
2022-11-07,40482.78,5194.66,6490.62,1034.04,1258.75,859.83,1382.35,300.09,829.86,448.91,6488.239999999999
2022-11-08,37568.25,5215.93,6643.17,1033.55,1269.32,870.6,1354.18,315.94,847.07,447.87,6463.999999999999
2022-11-09,35171.59,4964.45,6417.52,917.14,1144.29,779.5,1228.95,295.31,785.0,413.47,5568.570000000001
2022-11-10,31012.7,4525.41,5691.12,830.62,1008.12,690.28,1046.57,269.79,727.78,373.92,4709.9800000000005
2022-11-11,33193.57,4738.27,5756.91,870.13,1101.07,665.85,1082.07,294.05,749.85,381.23,4952.97
2022-11-12,32766.53,4534.66,5610.82,871.96,1079.87,643.86,1043.06,286.46,723.19,374.34,4705.83
2022-11-13,32341.82,4453.66,5621.58,858.05,1052.7,620.44,1030.68,264.94,708.79,365.85,4575.87
2022-11-14,31570.43,4136.3,5762.43,839.36,1025.65,608.75,990.42,257.09,647.03,355.35,4378.450000000001
2022-11-15,32036.16,4310.59,5488.72,858.64,1035.78,567.91,979.81,263.42,668.64,357.09,4463.67
2022-11-16,32222.42,4298.48,5628.69,871.63,1043.93,567.09,985.5,266.84,678.94,363.0,4521.96
2022-11-17,31761.29,4284.48,5334.82,882.21,1036.16,565.88,967.94,264.42,613.86,360.98,4492.13
2022-11-18,31583.82,4305.3,5596.8,891.73,1034.87,551.39,966.45,266.03,610.06,353.59,4461.43
2022-11-19,31599.96,4316.61,5590.3,902.95,1032.23,554.9,964.48,261.63,496.63,354.44,4444.66
2022-11-20,31764.73,4328.69,5254.14,923.64,1026.94,561.66,966.26,262.0,492.13,357.73,4427.219999999999
2022-11-21,30403.38,4225.02,5217.38,907.9,990.0,547.01,942.15,252.58,461.09,349.63,4266.6
2022-11-22,29872.03,4251.67,5439.42,901.02,988.39,540.45,866.99,247.83,451.68,347.06,4202.26
2022-11-23,29960.52,4239.55,5546.06,909.75,985.21,545.83,874.39,251.53,452.29,363.68,4183.150000000001
2022-11-24,30568.01,4307.84,5595.23,927.82,996.36,553.82,883.63,257.53,457.71,366.89,4276.89
2022-11-25,30400.49,4250.7,5684.44,938.5,994.92,552.72,855.26,257.36,454.29,364.85,4264.53
2022-11-26,30606.4,4270.6,5522.27,921.97,991.7,539.1,863.79,256.89,452.44,365.57,4297.070000000001
2022-11-27,30675.45,4264.88,6041.29,917.74,993.05,535.17,870.12,265.17,450.86,363.15,4227.120000000001
2022-11-28,30547.2,4327.41,5946.37,911.39,993.95,530.46,875.65,264.91,450.22,361.33,4237.33
2022-11-29,30129.82,4278.98,5674.13,898.05,976.97,525.56,866.0,259.69,432.78,368.9,4156.28
2022-11-30,31596.87,4282.94,5672.01,941.45,991.06,538.38,893.68,270.3,434.39,381.18,4285.48
2022-12-01,31967.38,4387.99,5749.45,940.56,1004.6,544.81,904.7,275.39,435.02,398.61,4310.53
2022-12-02,31912.98,4380.45,5775.15,947.44,1014.25,548.8,901.15,272.07,435.38,402.13,4309.31
2022-12-03,32013.72,4372.19,5114.02,971.07,1009.46,552.51,921.37,273.41,432.28,398.27,4339.84
2022-12-04,31474.76,4348.65,5482.3,971.6,997.13,545.46,916.33,271.7,430.05,398.31,4292.279999999999
2022-12-05,32160.22,4343.62,5565.94,991.54,1010.03,555.16,941.35,278.24,436.66,400.72,4356.23
2022-12-06,31667.35,4370.64,5369.87,985.47,1004.02,556.88,938.5,275.95,439.0,405.88,4324.96
2022-12-07,31704.56,4465.1,5652.59,1004.78,1005.23,566.02,933.23,276.54,436.36,403.65,4338.7300000000005
2022-12-08,31244.77,4407.85,6032.96,1012.29,991.06,564.66,901.92,272.02,428.83,395.53,4225.86
2022-12-09,31967.77,4486.35,5580.34,1040.69,1004.48,571.55,904.74,276.99,435.77,403.71,4279.450000000001
2022-12-10,31874.46,4498.76,5572.15,1046.93,996.51,570.08,904.11,275.76,435.17,403.57,4261.379999999999
2022-12-11,31902.67,4498.9,5773.39,1053.02,1000.37,570.42,904.99,275.29,433.63,403.15,4278.4800000000005
2022-12-12,31718.95,4441.45,5643.76,1056.95,980.41,566.3,904.36,272.85,429.33,398.19,4212.959999999999
2022-12-13,31903.84,4450.33,5531.64,1074.24,981.06,569.76,905.34,274.25,427.41,396.89,4190.26
2022-12-14,32732.52,4415.47,5166.13,1097.83,997.03,579.71,901.7,283.16,427.77,405.22,4238.7
2022-12-15,32516.33,4516.38,5124.88,1095.05,984.41,584.01,899.62,284.91,426.46,395.16,4204.12
2022-12-16,31681.31,4506.74,5135.93,1094.05,973.46,576.46,888.05,278.77,424.07,389.88,4171.21
2022-12-17,30052.55,4314.64,4805.34,1069.28,930.67,549.73,858.26,266.41,417.08,373.4,3912.5
2022-12-18,30302.74,4403.47,4833.48,1093.36,936.76,556.3,855.59,267.69,414.35,375.89,3918.61
2022-12-19,30405.11,4373.87,4901.57,1097.49,935.64,558.71,852.43,268.15,415.52,376.62,3929.8700000000003
2022-12-20,30051.97,4252.25,4834.05,1040.41,917.49,529.05,840.15,263.41,410.51,371.52,3817.8999999999996
2022-12-21,30697.67,4322.79,4918.64,1037.48,928.31,534.24,837.75,268.22,409.99,373.53,3868.74
2022-12-22,30851.46,4259.23,4880.12,1043.73,928.53,532.6,828.18,268.97,410.07,376.75,3853.6600000000003
2022-12-23,30845.62,4284.07,4827.98,1021.6,934.52,535.01,835.75,268.62,411.09,377.48,3836.1699999999996
2022-12-24,30937.06,4201.44,4812.73,1024.88,932.41,532.18,837.77,269.14,413.76,357.48,3837.81
2022-12-25,30967.45,4271.57,4799.98,1026.5,929.6,529.62,846.27,269.5,416.39,354.44,3826.45
2022-12-26,30832.35,4121.27,4767.91,1028.42,928.3,528.14,833.29,269.57,415.4,352.09,3800.21
2022-12-27,30933.82,4209.9,4766.74,1028.61,931.61,529.2,831.31,270.24,414.46,353.37,3810.89
2022-12-28,30667.49,4183.5,4798.22,1014.56,940.74,525.93,828.57,268.34,407.22,352.52,3786.479999999999
2022-12-29,30301.44,4190.24,4772.85,998.28,929.09,519.55,821.77,266.2,406.23,352.74,3722.7400000000007
2022-12-30,30410.89,4167.47,4780.17,986.8,932.29,508.46,819.39,267.09,407.15,358.64,3692.2700000000004
2022-12-31,30319.61,4188.94,4760.25,984.41,924.33,508.37,817.08,266.38,403.46,355.88,3673.15
2023-01-01,30217.83,4118.11,4757.48,981.87,921.33,503.27,804.06,266.02,378.68,355.06,3504.78
2023-01-02,30292.74,4121.15,4737.89,982.51,921.59,503.29,812.83,266.99,379.18,352.55,3639.89
2023-01-03,30744.24,4132.93,4759.05,992.09,929.7,509.06,823.05,269.17,372.24,360.71,3723.11
2023-01-04,30774.71,4107.99,4732.74,987.21,927.63,509.26,827.79,268.31,371.72,361.59,3787.3799999999997
2023-01-05,31469.56,4139.21,4871.16,992.96,943.47,515.89,840.65,272.35,376.14,366.93,3812.8499999999995
2023-01-06,31434.1,4110.74,4853.21,991.49,949.42,513.17,826.97,272.63,376.03,362.57,3833.02
2023-01-07,31627.15,4009.62,4912.82,972.94,954.38,515.59,832.54,273.65,378.34,364.84,3844.65
2023-01-08,31718.1,4014.41,4891.03,968.46,950.66,512.71,831.29,273.54,375.24,363.49,3840.5600000000004
2023-01-09,32287.63,4108.56,5049.42,979.52,966.63,518.56,842.76,277.56,374.34,367.19,3975.59
2023-01-10,32817.58,4118.49,5023.66,985.72,982.51,530.0,844.07,279.33,377.08,372.2,4049.52
2023-01-11,32993.25,4155.33,5042.97,986.26,987.37,533.03,850.35,282.41,377.44,371.63,4107.11
2023-01-12,34108.27,4250.56,5188.41,1009.01,1020.88,549.71,924.94,291.06,381.78,383.66,4215.83
2023-01-13,34251.78,4342.6,5214.95,1004.69,1029.53,549.66,909.74,301.65,381.71,383.81,4235.8099999999995
2023-01-14,36428.68,4640.04,5426.67,1055.36,1075.47,574.87,968.15,329.18,397.19,396.7,4503.589999999999
2023-01-15,36305.18,4694.85,5370.99,1047.37,1079.72,575.33,969.08,329.5,395.66,416.64,4621.4400000000005
2023-01-16,36796.7,4674.75,5398.38,1050.49,1084.7,584.23,973.41,331.38,393.59,416.19,4660.88
2023-01-17,36998.18,4676.58,5354.83,1054.35,1087.98,585.84,977.44,332.23,402.39,409.05,4648.779999999999
2023-01-18,37152.1,4706.42,5371.2,1049.12,1087.16,591.73,979.81,333.39,401.26,415.15,4667.97
2023-01-19,36226.94,4649.28,5253.18,1022.99,1070.38,591.63,946.88,324.97,390.12,399.81,4492.7
2023-01-20,36955.35,4718.82,5326.38,1049.79,1080.59,601.24,954.31,332.17,394.72,387.15,4537.9800000000005
2023-01-21,39023.0,4928.49,5490.59,1095.65,1113.11,632.7,995.71,353.77,402.2,410.79,4855.59
2023-01-22,38719.19,5009.14,5486.09,1087.43,1099.91,634.39,984.46,357.09,402.01,409.25,4858.549999999999
2023-01-23,38736.13,4995.97,5525.27,1111.82,1107.96,641.63,992.26,356.53,402.41,425.77,4868.5
2023-01-24,38859.36,5072.54,5543.63,1115.98,1109.34,651.01,1002.18,359.33,405.66,432.79,4948.4400000000005
2023-01-25,37797.86,5124.68,5484.04,1098.98,1083.55,642.84,971.05,352.47,402.36,424.16,4792.610000000001
2023-01-26,39022.9,5260.12,5558.52,1123.1,1108.49,681.12,997.2,360.02,408.44,440.67,4975.98
2023-01-27,38727.59,5161.82,5501.77,1124.52,1130.06,694.92,995.75,357.52,406.85,460.74,4907.17
2023-01-28,38989.58,5232.76,5571.81,1146.87,1148.93,699.5,1056.17,359.12,409.43,461.74,5055.700000000001
2023-01-29,38761.53,5232.29,5561.88,1160.59,1143.48,702.92,1041.42,357.82,408.2,460.24,5014.929999999999
2023-01-30,39771.51,5316.96,5677.2,1180.9,1162.0,712.34,1050.56,366.73,410.11,475.89,5155.3
2023-01-31,38442.15,5170.48,5483.71,1159.53,1128.3,699.7,1011.87,352.31,402.02,467.96,4837.910000000001
2023-02-01,38737.71,5184.1,5565.59,1181.54,1130.6,716.46,1025.8,360.4,404.23,492.05,4978.08
2023-02-02,40559.51,5344.46,5684.07,1234.71,1152.28,755.83,1070.56,375.24,410.62,521.16,5185.829999999999
2023-02-03,39944.74,5323.86,5694.14,1247.25,1128.98,749.18,1055.76,367.96,405.15,525.09,5144.75
2023-02-04,40317.93,5113.05,5754.12,1278.99,1147.52,758.19,1077.82,370.98,408.41,528.84,5234.629999999999
2023-02-05,40281.79,5136.68,5734.22,1288.6,1147.52,768.63,1072.76,369.0,410.03,498.38,5184.14
2023-02-06,39769.84,5121.89,5721.85,1297.32,1135.09,771.73,1057.3,364.83,407.02,483.05,5112.03
2023-02-07,39619.23,5060.81,5677.44,1313.26,1129.76,787.33,1044.69,361.68,404.95,464.64,5060.67
2023-02-08,40698.55,5185.02,5790.06,1383.2,1162.15,820.11,1081.23,370.29,409.82,490.19,5265.12
2023-02-09,40151.3,5133.59,5725.23,1410.89,1157.56,817.23,1058.24,364.65,409.72,462.6,5237.83
2023-02-10,38428.78,4885.93,5451.12,1365.1,1099.37,783.36,1005.09,346.04,397.04,425.31,4902.93
2023-02-11,37913.25,4950.66,5443.34,1383.16,1092.07,781.96,996.86,345.16,392.53,415.49,4891.15
2023-02-12,38426.3,4936.61,5492.1,1419.21,1103.85,798.24,1004.6,348.06,394.24,433.67,4971.14
2023-02-13,38084.63,4930.29,5515.9,1414.76,1093.73,789.16,994.7,345.92,392.6,422.32,4935.8
2023-02-14,38029.18,5018.96,5161.89,1408.52,1075.37,795.03,987.65,347.31,388.1,428.38,4862.13
2023-02-15,38903.74,5080.25,5214.44,1455.75,1079.28,807.41,1007.68,354.28,388.96,452.17,4945.959999999999
2023-02-16,41579.52,5400.56,5472.94,1550.66,1129.76,843.67,1086.19,388.09,399.76,481.16,5245.66
2023-02-17,40919.77,5226.64,5362.63,1561.1,1126.87,825.84,1044.64,376.12,390.69,469.58,5108.84
2023-02-18,41973.68,5382.33,5487.47,1647.02,1178.73,853.4,1071.14,390.44,397.18,475.85,5295.02
2023-02-19,42207.18,5365.27,5515.51,1707.86,1177.19,856.85,1083.84,394.19,395.86,471.1,5338.080000000001
2023-02-20,41866.46,5345.57,5451.2,1726.83,1168.36,862.42,1079.37,387.3,395.53,459.84,5354.87
2023-02-21,42463.24,5412.93,5461.57,1781.87,1177.71,882.85,1112.52,396.02,406.32,459.31,5499.35
2023-02-22,41368.25,5290.04,5385.2,1812.99,1150.37,889.87,1113.05,387.35,401.96,458.51,5374.009999999999
2023-02-23,41132.95,5252.99,5383.65,1824.14,1141.65,887.84,1090.8,384.11,394.86,454.85,5339.33
2023-02-24,41253.28,5270.88,5346.42,1853.7,1134.03,910.67,1073.75,382.99,392.95,449.72,5272.71
2023-02-25,40343.84,5175.83,5260.53,1831.52,1106.85,918.35,1032.45,370.65,387.25,436.6,5112.58
2023-02-26,40448.1,5116.48,5266.39,1825.68,1095.97,921.48,1024.89,370.84,385.95,428.27,5032.6900000000005
2023-02-27,41540.86,5206.04,5361.75,1881.01,1113.06,959.02,1042.58,376.85,389.4,436.48,5155.47
2023-02-28,41781.56,5226.08,5324.4,1896.69,1103.38,973.53,1026.59,375.45,388.12,433.41,5145.120000000001
2023-03-01,41494.96,5168.5,5326.21,1893.55,1089.88,980.28,1008.93,372.08,391.34,422.15,5066.430000000001
2023-03-02,42546.94,5217.15,5355.28,1941.7,1113.04,1003.26,1020.0,380.27,392.69,440.99,5171.51
2023-03-03,42231.48,5213.93,5303.8,1909.19,1103.93,995.22,1060.23,377.07,385.68,426.55,5034.95
2023-03-04,40715.77,5006.67,5193.69,1859.92,1072.14,974.58,1052.31,362.21,379.13,415.4,4882.6
2023-03-05,40796.21,4906.58,5175.06,1864.0,1059.16,970.65,1030.96,361.12,378.8,400.55,4819.04
2023-03-06,40827.5,4910.12,5190.99,1884.41,1064.68,978.62,1028.33,363.72,378.66,403.5,4834.509999999999
2023-03-07,40740.57,4928.47,5188.72,1879.78,1062.15,983.11,1029.4,363.83,377.46,410.58,4802.420000000001
2023-03-08,40758.44,4783.51,5220.0,1842.48,1072.46,972.73,1033.6,361.64,375.33,399.34,4772.65
2023-03-09,39977.25,4657.13,5153.41,1794.76,1042.17,949.0,1000.45,352.87,368.59,380.92,4617.75
2023-03-10,37864.9,4342.31,4962.06,1691.96,991.6,906.07,934.06,329.37,356.62,360.06,4435.599999999999
2023-03-11,37819.73,4338.24,4934.55,1613.03,984.16,855.77,900.05,330.76,345.71,357.47,4413.49
2023-03-12,37454.67,4077.44,4684.87,1455.73,901.82,739.97,819.72,331.1,374.36,325.52,4193.719999999999
2023-03-13,40957.71,4485.7,4876.21,1531.96,966.05,835.93,881.79,360.76,374.79,359.31,4488.69
2023-03-14,41707.84,4700.84,5079.39,1587.42,992.25,885.06,874.46,384.36,380.97,370.98,4654.03
2023-03-15,42035.01,4752.3,5132.83,1612.54,1006.26,919.7,903.08,392.59,381.92,395.65,4807.29
2023-03-16,40803.81,4703.86,5224.33,1625.0,977.24,891.3,866.25,388.15,375.51,379.22,4660.410000000001
2023-03-17,40946.3,4742.64,4818.16,1705.82,992.0,935.4,876.96,396.96,380.25,386.69,4726.87
2023-03-18,43328.79,5251.31,4933.6,1830.06,1041.01,1000.8,931.05,432.01,386.22,424.7,5041.27
2023-03-19,43235.27,5181.48,4870.31,1855.46,1035.42,987.39,929.17,427.8,382.28,414.2,4960.5199999999995
2023-03-20,43250.99,5291.31,4843.24,1775.53,1032.43,990.35,944.86,438.19,383.02,414.79,5004.62
2023-03-21,43238.55,5253.36,4805.43,1943.02,1018.13,990.16,940.09,437.67,382.97,403.61,4949.95
2023-03-22,44059.41,5314.83,4904.12,1996.77,1032.75,994.38,952.43,441.36,383.31,408.79,5005.499999999999
2023-03-23,43020.15,5098.11,5055.4,2099.18,1014.81,987.72,926.38,430.02,378.11,401.36,4859.670000000001
2023-03-24,44119.9,5295.97,5165.35,2133.81,1025.77,994.36,951.78,442.79,378.11,409.85,4968.620000000001
2023-03-25,43070.37,5174.64,5112.49,2141.53,1013.25,962.02,927.65,430.59,374.78,398.07,4813.06
2023-03-26,42923.33,5181.67,5131.61,2164.3,1008.54,953.1,924.77,429.53,377.19,392.38,4770.639999999999
2023-03-27,43326.83,5172.88,5176.93,2204.69,1019.37,947.97,935.21,434.34,374.48,393.26,4810.969999999999
2023-03-28,42620.93,5095.62,5011.92,2197.77,997.39,930.35,916.47,421.22,372.25,378.38,4714.99
2023-03-29,43163.07,5142.93,5040.4,2237.04,1012.41,920.81,916.81,427.04,370.79,382.94,4771.0
2023-03-30,43581.04,5248.46,5108.4,2248.69,1032.33,927.83,940.05,439.67,378.9,394.36,4943.170000000001
2023-03-31,43743.95,5314.65,5057.63,2280.56,1037.15,924.09,940.87,437.65,378.31,395.63,4910.85
2023-04-01,44130.25,5321.74,5131.89,2290.3,1047.01,927.51,963.99,441.55,379.54,400.4,4942.75
2023-04-02,44034.16,5377.9,5115.15,2251.04,1048.45,926.76,977.55,441.22,378.98,399.85,4939.0599999999995
2023-04-03,43680.31,5285.07,5110.4,2223.72,1040.68,914.77,962.22,437.24,374.88,397.82,4858.150000000001
2023-04-04,44033.94,5254.98,5070.94,2238.25,1037.3,918.26,950.18,435.41,374.72,396.65,4857.489999999999
2023-04-05,45828.84,5280.36,5157.03,2263.22,1072.77,934.31,976.57,445.46,377.06,406.89,4969.84
2023-04-06,45678.87,5317.17,5123.07,2276.21,1066.77,939.07,966.36,439.58,377.7,399.45,4937.589999999999
2023-04-07,45340.02,5297.94,5102.36,2264.72,1061.1,935.02,983.78,438.5,377.56,407.82,4913.0199999999995
2023-04-08,44986.44,5272.26,5053.42,2268.86,1051.05,928.12,973.74,435.26,374.94,405.66,4875.659999999999
2023-04-09,45011.06,5300.65,5026.33,2265.08,1057.16,926.09,970.91,435.76,375.53,408.21,4892.19
2023-04-10,45140.49,5336.55,5047.31,2265.2,1046.8,926.44,976.29,441.6,375.38,396.78,4935.299999999999
2023-04-11,46083.07,5528.99,5090.41,2283.68,1061.19,937.23,961.9,460.52,377.27,413.48,5018.23
2023-04-12,45677.24,5543.58,5095.66,2281.94,1053.48,933.47,966.24,465.07,378.8,422.78,5085.53
2023-04-13,45918.44,5483.8,5059.28,2241.18,1060.17,931.71,969.86,462.59,378.12,421.64,5139.96
2023-04-14,49209.43,5579.58,5141.87,2332.53,1108.06,963.45,1031.13,476.48,382.83,434.24,5346.99
2023-04-15,49145.32,5579.98,5098.1,2350.43,1092.46,965.95,1020.27,473.79,381.8,427.98,5425.4800000000005
2023-04-16,49336.24,5532.1,5108.43,2358.31,1105.6,964.23,1001.04,471.16,384.36,425.52,5440.79
2023-04-17,49073.34,5502.74,5146.11,2325.93,1094.43,970.87,1005.2,464.86,384.47,425.9,5401.450000000001
2023-04-18,48490.16,5418.51,5115.36,2283.41,1094.97,963.23,999.83,458.53,380.76,416.63,5335.4400000000005
2023-04-19,49164.39,5560.52,5160.93,2312.93,1101.4,984.33,1021.89,471.22,386.5,421.37,5410.679999999999
2023-04-20,46353.14,5394.93,4974.38,2223.57,1050.75,966.43,963.62,448.32,376.81,400.2,5129.8
2023-04-21,46115.96,5318.71,4918.59,2211.26,1040.46,948.44,948.22,438.22,375.7,396.19,5030.7
2023-04-22,44156.89,5230.28,4867.57,2159.19,1005.16,914.09,908.2,422.95,375.81,375.2,4837.62
2023-04-23,44418.75,5291.62,4742.22,2174.74,1015.95,918.82,904.98,428.36,376.0,377.58,4879.33
2023-04-24,44471.04,5298.39,4749.24,2182.43,1010.72,917.89,900.58,428.32,374.02,376.57,4860.5199999999995
2023-04-25,44027.92,5216.99,4722.42,2168.5,1003.69,924.54,903.89,425.64,372.87,370.63,4837.35
2023-04-26,44591.49,5352.22,4777.34,2198.19,1023.4,932.88,920.55,436.64,377.99,376.22,4926.9
2023-04-27,45606.07,5443.03,4738.02,2239.43,1030.23,936.13,935.72,445.68,382.08,377.8,4977.16
2023-04-28,45342.17,5474.93,4848.21,2260.5,1030.25,930.61,937.78,449.72,392.46,376.35,4946.94
2023-04-29,44945.39,5481.14,4967.89,2261.09,1027.6,929.82,938.76,446.98,389.86,373.07,4948.43
2023-04-30,45264.7,5503.54,5002.0,2269.59,1035.78,933.5,943.68,447.25,386.18,374.36,4954.9
2023-05-01,44853.14,5515.98,4925.59,2254.37,1026.48,921.89,934.13,447.67,382.78,373.8,4901.31
2023-05-02,43925.86,5326.09,4736.54,2216.28,1000.33,907.43,896.38,431.88,378.07,364.39,4769.81
2023-05-03,44642.3,5432.29,4787.61,2239.61,1005.6,914.2,902.23,440.38,380.03,364.5,4772.22
2023-05-04,45584.4,5483.31,4955.2,2311.67,1024.73,932.1,920.51,446.19,378.66,356.56,4784.67
2023-05-05,45136.89,5455.29,4919.75,2464.56,1016.19,923.79,916.73,443.42,375.1,349.37,4755.87
2023-05-06,47327.63,5753.7,4998.9,2536.72,1032.24,938.92,924.86,453.78,374.71,338.55,4875.67
2023-05-07,45691.32,5631.81,4891.1,2472.73,999.79,913.58,886.9,441.27,370.73,328.39,4724.2300000000005
2023-05-08,45189.55,5548.35,4865.5,2456.5,987.48,897.88,877.44,437.28,372.08,324.42,4696.209999999999
2023-05-09,44288.01,5433.94,4750.48,2390.27,964.08,876.43,849.1,422.66,367.59,308.29,4484.570000000001
2023-05-10,44495.8,5442.93,4766.19,2421.53,969.4,879.52,849.65,425.4,363.14,311.46,4501.29
2023-05-11,44109.12,5490.32,4800.62,2407.49,959.82,873.58,856.38,423.41,362.32,310.45,4552.41
2023-05-12,42704.13,5309.22,4672.38,2340.08,926.65,843.15,838.31,408.75,355.88,303.15,4430.14
