market_cap_rank,id,symbol,name,market_cap_sum,market_cap_avg,market_cap_median,total_volume_sum,total_volume_avg,total_volume_median,Price_Change_24h_avg,Price_Change_24h_median,Price_Change_7d_avg,Price_Change_7d_median,Price_Change_30d_avg,Price_Change_30d_median,Price_Change_200d_avg,Price_Change_200d_median,Price_Change_1y_avg,Price_Change_1y_median
1,bitcoin,btc,Bitcoin,1168015.59,2336.03,109.1,54615.67,109.23,2.96,-2.82,-3.23,0.21,-0.86,-8.27,-12.09,38.97,3.72,42037.59,-36.8
2,ethereum,eth,Ethereum,1168015.59,2336.03,109.1,54615.67,109.23,2.96,-2.82,-3.23,0.21,-0.86,-8.27,-12.09,38.97,3.72,42037.59,-36.8
3,tether,usdt,Tether,1168015.59,2336.03,109.1,54615.67,109.23,2.96,-2.82,-3.23,0.21,-0.86,-8.27,-12.09,38.97,3.72,42037.59,-36.8
4,binancecoin,bnb,BNB,1168015.59,2336.03,109.1,54615.67,109.23,2.96,-2.82,-3.23,0.21,-0.86,-8.27,-12.09,38.97,3.72,42037.59,-36.8
5,usd-coin,usdc,USD Coin,1168015.59,2336.03,109.1,54615.67,109.23,2.96,-2.82,-3.23,0.21,-0.86,-8.27,-12.09,38.97,3.72,42037.59,-36.8
6,ripple,xrp,XRP,1168015.59,2336.03,109.1,54615.67,109.23,2.96,-2.82,-3.23,0.21,-0.86,-8.27,-12.09,38.97,3.72,42037.59,-36.8
7,cardano,ada,Cardano,1168015.59,2336.03,109.1,54615.67,109.23,2.96,-2.82,-3.23,0.21,-0.86,-8.27,-12.09,38.97,3.72,42037.59,-36.8
8,staked-ether,steth,Lido Staked Ether,1168015.59,2336.03,109.1,54615.67,109.23,2.96,-2.82,-3.23,0.21,-0.86,-8.27,-12.09,38.97,3.72,42037.59,-36.8
9,dogecoin,doge,Dogecoin,1168015.59,2336.03,109.1,54615.67,109.23,2.96,-2.82,-3.23,0.21,-0.86,-8.27,-12.09,38.97,3.72,42037.59,-36.8
10,matic-network,matic,Polygon,1168015.59,2336.03,109.1,54615.67,109.23,2.96,-2.82,-3.23,0.21,-0.86,-8.27,-12.09,38.97,3.72,42037.59,-36.8
11,solana,sol,Solana,1168015.59,2336.03,109.1,54615.67,109.23,2.96,-2.82,-3.23,0.21,-0.86,-8.27,-12.09,38.97,3.72,42037.59,-36.8
12,tron,trx,TRON,1168015.59,2336.03,109.1,54615.67,109.23,2.96,-2.82,-3.23,0.21,-0.86,-8.27,-12.09,38.97,3.72,42037.59,-36.8
13,polkadot,dot,Polkadot,1168015.59,2336.03,109.1,54615.67,109.23,2.96,-2.82,-3.23,0.21,-0.86,-8.27,-12.09,38.97,3.72,42037.59,-36.8
14,litecoin,ltc,Litecoin,1168015.59,2336.03,109.1,54615.67,109.23,2.96,-2.82,-3.23,0.21,-0.86,-8.27,-12.09,38.97,3.72,42037.59,-36.8
15,binance-usd,busd,Binance USD,1168015.59,2336.03,109.1,54615.67,109.23,2.96,-2.82,-3.23,0.21,-0.86,-8.27,-12.09,38.97,3.72,42037.59,-36.8
16,shiba-inu,shib,Shiba Inu,1168015.59,2336.03,109.1,54615.67,109.23,2.96,-2.82,-3.23,0.21,-0.86,-8.27,-12.09,38.97,3.72,42037.59,-36.8
17,avalanche-2,avax,Avalanche,1168015.59,2336.03,109.1,54615.67,109.23,2.96,-2.82,-3.23,0.21,-0.86,-8.27,-12.09,38.97,3.72,42037.59,-36.8
18,dai,dai,Dai,1168015.59,2336.03,109.1,54615.67,109.23,2.96,-2.82,-3.23,0.21,-0.86,-8.27,-12.09,38.97,3.72,42037.59,-36.8
19,wrapped-bitcoin,wbtc,Wrapped Bitcoin,1168015.59,2336.03,109.1,54615.67,109.23,2.96,-2.82,-3.23,0.21,-0.86,-8.27,-12.09,38.97,3.72,42037.59,-36.8
20,uniswap,uni,Uniswap,1168015.59,2336.03,109.1,54615.67,109.23,2.96,-2.82,-3.23,0.21,-0.86,-8.27,-12.09,38.97,3.72,42037.59,-36.8
21,chainlink,link,Chainlink,1168015.59,2336.03,109.1,54615.67,109.23,2.96,-2.82,-3.23,0.21,-0.86,-8.27,-12.09,38.97,3.72,42037.59,-36.8
22,leo-token,leo,LEO Token,1168015.59,2336.03,109.1,54615.67,109.23,2.96,-2.82,-3.23,0.21,-0.86,-8.27,-12.09,38.97,3.72,42037.59,-36.8
23,cosmos,atom,Cosmos Hub,1168015.59,2336.03,109.1,54615.67,109.23,2.96,-2.82,-3.23,0.21,-0.86,-8.27,-12.09,38.97,3.72,42037.59,-36.8
24,okb,okb,OKB,1168015.59,2336.03,109.1,54615.67,109.23,2.96,-2.82,-3.23,0.21,-0.86,-8.27,-12.09,38.97,3.72,42037.59,-36.8
25,monero,xmr,Monero,1168015.59,2336.03,109.1,54615.67,109.23,2.96,-2.82,-3.23,0.21,-0.86,-8.27,-12.09,38.97,3.72,42037.59,-36.8
26,the-open-network,ton,Toncoin,1168015.59,2336.03,109.1,54615.67,109.23,2.96,-2.82,-3.23,0.21,-0.86,-8.27,-12.09,38.97,3.72,42037.59,-36.8
27,ethereum-classic,etc,Ethereum Classic,1168015.59,2336.03,109.1,54615.67,109.23,2.96,-2.82,-3.23,0.21,-0.86,-8.27,-12.09,38.97,3.72,42037.59,-36.8
28,stellar,xlm,Stellar,1168015.59,2336.03,109.1,54615.67,109.23,2.96,-2.82,-3.23,0.21,-0.86,-8.27,-12.09,38.97,3.72,42037.59,-36.8
29,bitcoin-cash,bch,Bitcoin Cash,1168015.59,2336.03,109.1,54615.67,109.23,2.96,-2.82,-3.23,0.21,-0.86,-8.27,-12.09,38.97,3.72,42037.59,-36.8
30,internet-computer,icp,Internet Computer,1168015.59,2336.03,109.1,54615.67,109.23,2.96,-2.82,-3.23,0.21,-0.86,-8.27,-12.09,38.97,3.72,42037.59,-36.8
31,true-usd,tusd,TrueUSD,1168015.59,2336.03,109.1,54615.67,109.23,2.96,-2.82,-3.23,0.21,-0.86,-8.27,-12.09,38.97,3.72,42037.59,-36.8
32,filecoin,fil,Filecoin,1168015.59,2336.03,109.1,54615.67,109.23,2.96,-2.82,-3.23,0.21,-0.86,-8.27,-12.09,38.97,3.72,42037.59,-36.8
33,lido-dao,ldo,Lido DAO,1168015.59,2336.03,109.1,54615.67,109.23,2.96,-2.82,-3.23,0.21,-0.86,-8.27,-12.09,38.97,3.72,42037.59,-36.8
34,quant-network,qnt,Quant,1168015.59,2336.03,109.1,54615.67,109.23,2.96,-2.82,-3.23,0.21,-0.86,-8.27,-12.09,38.97,3.72,42037.59,-36.8
35,aptos,apt,Aptos,1168015.59,2336.03,109.1,54615.67,109.23,2.96,-2.82,-3.23,0.21,-0.86,-8.27,-12.09,38.97,3.72,42037.59,-36.8
36,hedera-hashgraph,hbar,Hedera,1168015.59,2336.03,109.1,54615.67,109.23,2.96,-2.82,-3.23,0.21,-0.86,-8.27,-12.09,38.97,3.72,42037.59,-36.8
37,crypto-com-chain,cro,Cronos,1168015.59,2336.03,109.1,54615.67,109.23,2.96,-2.82,-3.23,0.21,-0.86,-8.27,-12.09,38.97,3.72,42037.59,-36.8
38,vechain,vet,VeChain,1168015.59,2336.03,109.1,54615.67,109.23,2.96,-2.82,-3.23,0.21,-0.86,-8.27,-12.09,38.97,3.72,42037.59,-36.8
39,arbitrum,arb,Arbitrum,1168015.59,2336.03,109.1,54615.67,109.23,2.96,-2.82,-3.23,0.21,-0.86,-8.27,-12.09,38.97,3.72,42037.59,-36.8
40,near,near,NEAR Protocol,1168015.59,2336.03,109.1,54615.67,109.23,2.96,-2.82,-3.23,0.21,-0.86,-8.27,-12.09,38.97,3.72,42037.59,-36.8
41,the-graph,grt,The Graph,1168015.59,2336.03,109.1,54615.67,109.23,2.96,-2.82,-3.23,0.21,-0.86,-8.27,-12.09,38.97,3.72,42037.59,-36.8
42,apecoin,ape,ApeCoin,1168015.59,2336.03,109.1,54615.67,109.23,2.96,-2.82,-3.23,0.21,-0.86,-8.27,-12.09,38.97,3.72,42037.59,-36.8
43,algorand,algo,Algorand,1168015.59,2336.03,109.1,54615.67,109.23,2.96,-2.82,-3.23,0.21,-0.86,-8.27,-12.09,38.97,3.72,42037.59,-36.8
44,paxos-standard,usdp,Pax Dollar,1168015.59,2336.03,109.1,54615.67,109.23,2.96,-2.82,-3.23,0.21,-0.86,-8.27,-12.09,38.97,3.72,42037.59,-36.8
45,frax,frax,Frax,1168015.59,2336.03,109.1,54615.67,109.23,2.96,-2.82,-3.23,0.21,-0.86,-8.27,-12.09,38.97,3.72,42037.59,-36.8
46,edgecoin-2,edgt,Edgecoin,1168015.59,2336.03,109.1,54615.67,109.23,2.96,-2.82,-3.23,0.21,-0.86,-8.27,-12.09,38.97,3.72,42037.59,-36.8
47,the-sandbox,sand,The Sandbox,1168015.59,2336.03,109.1,54615.67,109.23,2.96,-2.82,-3.23,0.21,-0.86,-8.27,-12.09,38.97,3.72,42037.59,-36.8
48,eos,eos,EOS,1168015.59,2336.03,109.1,54615.67,109.23,2.96,-2.82,-3.23,0.21,-0.86,-8.27,-12.09,38.97,3.72,42037.59,-36.8
49,rocket-pool,rpl,Rocket Pool,1168015.59,2336.03,109.1,54615.67,109.23,2.96,-2.82,-3.23,0.21,-0.86,-8.27,-12.09,38.97,3.72,42037.59,-36.8
50,aave,aave,Aave,1168015.59,2336.03,109.1,54615.67,109.23,2.96,-2.82,-3.23,0.21,-0.86,-8.27,-12.09,38.97,3.72,42037.59,-36.8
51,elrond-erd-2,egld,MultiversX,1168015.59,2336.03,109.1,54615.67,109.23,2.96,-2.82,-3.23,0.21,-0.86,-8.27,-12.09,38.97,3.72,42037.59,-36.8
52,render-token,rndr,Render,1168015.59,2336.03,109.1,54615.67,109.23,2.96,-2.82,-3.23,0.21,-0.86,-8.27,-12.09,38.97,3.72,42037.59,-36.8
53,optimism,op,Optimism,1168015.59,2336.03,109.1,54615.67,109.23,2.96,-2.82,-3.23,0.21,-0.86,-8.27,-12.09,38.97,3.72,42037.59,-36.8
54,fantom,ftm,Fantom,1168015.59,2336.03,109.1,54615.67,109.23,2.96,-2.82,-3.23,0.21,-0.86,-8.27,-12.09,38.97,3.72,42037.59,-36.8
56,tezos,xtz,Tezos,1168015.59,2336.03,109.1,54615.67,109.23,2.96,-2.82,-3.23,0.21,-0.86,-8.27,-12.09,38.97,3.72,42037.59,-36.8
55,decentraland,mana,Decentraland,1168015.59,2336.03,109.1,54615.67,109.23,2.96,-2.82,-3.23,0.21,-0.86,-8.27,-12.09,38.97,3.72,42037.59,-36.8
57,theta-token,theta,Theta Network,1168015.59,2336.03,109.1,54615.67,109.23,2.96,-2.82,-3.23,0.21,-0.86,-8.27,-12.09,38.97,3.72,42037.59,-36.8
58,blockstack,stx,Stacks,1168015.59,2336.03,109.1,54615.67,109.23,2.96,-2.82,-3.23,0.21,-0.86,-8.27,-12.09,38.97,3.72,42037.59,-36.8
59,axie-infinity,axs,Axie Infinity,1168015.59,2336.03,109.1,54615.67,109.23,2.96,-2.82,-3.23,0.21,-0.86,-8.27,-12.09,38.97,3.72,42037.59,-36.8
60,rocket-pool-eth,reth,Rocket Pool ETH,1168015.59,2336.03,109.1,54615.67,109.23,2.96,-2.82,-3.23,0.21,-0.86,-8.27,-12.09,38.97,3.72,42037.59,-36.8
61,flow,flow,Flow,1168015.59,2336.03,109.1,54615.67,109.23,2.96,-2.82,-3.23,0.21,-0.86,-8.27,-12.09,38.97,3.72,42037.59,-36.8
62,havven,snx,Synthetix Network,1168015.59,2336.03,109.1,54615.67,109.23,2.96,-2.82,-3.23,0.21,-0.86,-8.27,-12.09,38.97,3.72,42037.59,-36.8
63,usdd,usdd,USDD,1168015.59,2336.03,109.1,54615.67,109.23,2.96,-2.82,-3.23,0.21,-0.86,-8.27,-12.09,38.97,3.72,42037.59,-36.8
65,bitdao,bit,BitDAO,1168015.59,2336.03,109.1,54615.67,109.23,2.96,-2.82,-3.23,0.21,-0.86,-8.27,-12.09,38.97,3.72,42037.59,-36.8
64,immutable-x,imx,ImmutableX,1168015.59,2336.03,109.1,54615.67,109.23,2.96,-2.82,-3.23,0.21,-0.86,-8.27,-12.09,38.97,3.72,42037.59,-36.8
66,neo,neo,NEO,1168015.59,2336.03,109.1,54615.67,109.23,2.96,-2.82,-3.23,0.21,-0.86,-8.27,-12.09,38.97,3.72,42037.59,-36.8
67,kucoin-shares,kcs,KuCoin,1168015.59,2336.03,109.1,54615.67,109.23,2.96,-2.82,-3.23,0.21,-0.86,-8.27,-12.09,38.97,3.72,42037.59,-36.8
68,gala,gala,GALA,1168015.59,2336.03,109.1,54615.67,109.23,2.96,-2.82,-3.23,0.21,-0.86,-8.27,-12.09,38.97,3.72,42037.59,-36.8
69,whitebit,wbt,WhiteBIT Token,1168015.59,2336.03,109.1,54615.67,109.23,2.96,-2.82,-3.23,0.21,-0.86,-8.27,-12.09,38.97,3.72,42037.59,-36.8
70,radix,xrd,Radix,1168015.59,2336.03,109.1,54615.67,109.23,2.96,-2.82,-3.23,0.21,-0.86,-8.27,-12.09,38.97,3.72,42037.59,-36.8
72,curve-dao-token,crv,Curve DAO,1168015.59,2336.03,109.1,54615.67,109.23,2.96,-2.82,-3.23,0.21,-0.86,-8.27,-12.09,38.97,3.72,42037.59,-36.8
71,gatechain-token,gt,Gate,1168015.59,2336.03,109.1,54615.67,109.23,2.96,-2.82,-3.23,0.21,-0.86,-8.27,-12.09,38.97,3.72,42037.59,-36.8
73,bitget-token,bgb,Bitget Token,1168015.59,2336.03,109.1,54615.67,109.23,2.96,-2.82,-3.23,0.21,-0.86,-8.27,-12.09,38.97,3.72,42037.59,-36.8
74,bitcoin-cash-sv,bsv,Bitcoin SV,1168015.59,2336.03,109.1,54615.67,109.23,2.96,-2.82,-3.23,0.21,-0.86,-8.27,-12.09,38.97,3.72,42037.59,-36.8
75,conflux-token,cfx,Conflux,1168015.59,2336.03,109.1,54615.67,109.23,2.96,-2.82,-3.23,0.21,-0.86,-8.27,-12.09,38.97,3.72,42037.59,-36.8
76,klay-token,klay,Klaytn,1168015.59,2336.03,109.1,54615.67,109.23,2.96,-2.82,-3.23,0.21,-0.86,-8.27,-12.09,38.97,3.72,42037.59,-36.8
77,injective-protocol,inj,Injective,1168015.59,2336.03,109.1,54615.67,109.23,2.96,-2.82,-3.23,0.21,-0.86,-8.27,-12.09,38.97,3.72,42037.59,-36.8
78,maker,mkr,Maker,1168015.59,2336.03,109.1,54615.67,109.23,2.96,-2.82,-3.23,0.21,-0.86,-8.27,-12.09,38.97,3.72,42037.59,-36.8
79,gemini-dollar,gusd,Gemini Dollar,1168015.59,2336.03,109.1,54615.67,109.23,2.96,-2.82,-3.23,0.21,-0.86,-8.27,-12.09,38.97,3.72,42037.59,-36.8
80,kava,kava,Kava,1168015.59,2336.03,109.1,54615.67,109.23,2.96,-2.82,-3.23,0.21,-0.86,-8.27,-12.09,38.97,3.72,42037.59,-36.8
82,bittorrent,btt,BitTorrent,1168015.59,2336.03,109.1,54615.67,109.23,2.96,-2.82,-3.23,0.21,-0.86,-8.27,-12.09,38.97,3.72,42037.59,-36.8
81,iota,miota,IOTA,1168015.59,2336.03,109.1,54615.67,109.23,2.96,-2.82,-3.23,0.21,-0.86,-8.27,-12.09,38.97,3.72,42037.59,-36.8
83,casper-network,cspr,Casper Network,1168015.59,2336.03,109.1,54615.67,109.23,2.96,-2.82,-3.23,0.21,-0.86,-8.27,-12.09,38.97,3.72,42037.59,-36.8
84,pepe,pepe,Pepe,1168015.59,2336.03,109.1,54615.67,109.23,2.96,-2.82,-3.23,0.21,-0.86,-8.27,-12.09,38.97,3.72,42037.59,-36.8
85,chiliz,chz,Chiliz,1168015.59,2336.03,109.1,54615.67,109.23,2.96,-2.82,-3.23,0.21,-0.86,-8.27,-12.09,38.97,3.72,42037.59,-36.8
86,pax-gold,paxg,PAX Gold,1168015.59,2336.03,109.1,54615.67,109.23,2.96,-2.82,-3.23,0.21,-0.86,-8.27,-12.09,38.97,3.72,42037.59,-36.8
87,sui,sui,Sui,1168015.59,2336.03,109.1,54615.67,109.23,2.96,-2.82,-3.23,0.21,-0.86,-8.27,-12.09,38.97,3.72,42037.59,-36.8
88,tokenize-xchange,tkx,Tokenize Xchange,1168015.59,2336.03,109.1,54615.67,109.23,2.96,-2.82,-3.23,0.21,-0.86,-8.27,-12.09,38.97,3.72,42037.59,-36.8
89,huobi-token,ht,Huobi,1168015.59,2336.03,109.1,54615.67,109.23,2.96,-2.82,-3.23,0.21,-0.86,-8.27,-12.09,38.97,3.72,42037.59,-36.8
90,terra-luna,lunc,Terra Luna Classic,1168015.59,2336.03,109.1,54615.67,109.23,2.96,-2.82,-3.23,0.21,-0.86,-8.27,-12.09,38.97,3.72,42037.59,-36.8
91,mina-protocol,mina,Mina Protocol,1168015.59,2336.03,109.1,54615.67,109.23,2.96,-2.82,-3.23,0.21,-0.86,-8.27,-12.09,38.97,3.72,42037.59,-36.8
92,dash,dash,Dash,1168015.59,2336.03,109.1,54615.67,109.23,2.96,-2.82,-3.23,0.21,-0.86,-8.27,-12.09,38.97,3.72,42037.59,-36.8
93,tether-gold,xaut,Tether Gold,1168015.59,2336.03,109.1,54615.67,109.23,2.96,-2.82,-3.23,0.21,-0.86,-8.27,-12.09,38.97,3.72,42037.59,-36.8
94,compound-ether,ceth,cETH,1168015.59,2336.03,109.1,54615.67,109.23,2.96,-2.82,-3.23,0.21,-0.86,-8.27,-12.09,38.97,3.72,42037.59,-36.8
95,frax-share,fxs,Frax Share,1168015.59,2336.03,109.1,54615.67,109.23,2.96,-2.82,-3.23,0.21,-0.86,-8.27,-12.09,38.97,3.72,42037.59,-36.8
97,ecash,xec,eCash,1168015.59,2336.03,109.1,54615.67,109.23,2.96,-2.82,-3.23,0.21,-0.86,-8.27,-12.09,38.97,3.72,42037.59,-36.8
96,gmx,gmx,GMX,1168015.59,2336.03,109.1,54615.67,109.23,2.96,-2.82,-3.23,0.21,-0.86,-8.27,-12.09,38.97,3.72,42037.59,-36.8
98,xdce-crowd-sale,xdc,XDC Network,1168015.59,2336.03,109.1,54615.67,109.23,2.96,-2.82,-3.23,0.21,-0.86,-8.27,-12.09,38.97,3.72,42037.59,-36.8
99,trust-wallet-token,twt,Trust Wallet,1168015.59,2336.03,109.1,54615.67,109.23,2.96,-2.82,-3.23,0.21,-0.86,-8.27,-12.09,38.97,3.72,42037.59,-36.8
100,frax-ether,frxeth,Frax Ether,1168015.59,2336.03,109.1,54615.67,109.23,2.96,-2.82,-3.23,0.21,-0.86,-8.27,-12.09,38.97,3.72,42037.59,-36.8
101,flare-networks,flr,Flare,1168015.59,2336.03,109.1,54615.67,109.23,2.96,-2.82,-3.23,0.21,-0.86,-8.27,-12.09,38.97,3.72,42037.59,-36.8
102,compound-usd-coin,cusdc,cUSDC,1168015.59,2336.03,109.1,54615.67,109.23,2.96,-2.82,-3.23,0.21,-0.86,-8.27,-12.09,38.97,3.72,42037.59,-36.8
104,zilliqa,zil,Zilliqa,1168015.59,2336.03,109.1,54615.67,109.23,2.96,-2.82,-3.23,0.21,-0.86,-8.27,-12.09,38.97,3.72,42037.59,-36.8
103,nexo,nexo,NEXO,1168015.59,2336.03,109.1,54615.67,109.23,2.96,-2.82,-3.23,0.21,-0.86,-8.27,-12.09,38.97,3.72,42037.59,-36.8
105,woo-network,woo,WOO Network,1168015.59,2336.03,109.1,54615.67,109.23,2.96,-2.82,-3.23,0.21,-0.86,-8.27,-12.09,38.97,3.72,42037.59,-36.8
106,singularitynet,agix,SingularityNET,1168015.59,2336.03,109.1,54615.67,109.23,2.96,-2.82,-3.23,0.21,-0.86,-8.27,-12.09,38.97,3.72,42037.59,-36.8
108,nxm,nxm,Nexus Mutual,1168015.59,2336.03,109.1,54615.67,109.23,2.96,-2.82,-3.23,0.21,-0.86,-8.27,-12.09,38.97,3.72,42037.59,-36.8
107,mask-network,mask,Mask Network,1168015.59,2336.03,109.1,54615.67,109.23,2.96,-2.82,-3.23,0.21,-0.86,-8.27,-12.09,38.97,3.72,42037.59,-36.8
109,loopring,lrc,Loopring,1168015.59,2336.03,109.1,54615.67,109.23,2.96,-2.82,-3.23,0.21,-0.86,-8.27,-12.09,38.97,3.72,42037.59,-36.8
110,krypton-dao,krd,Krypton DAO,1168015.59,2336.03,109.1,54615.67,109.23,2.96,-2.82,-3.23,0.21,-0.86,-8.27,-12.09,38.97,3.72,42037.59,-36.8
111,thorchain,rune,THORChain,1168015.59,2336.03,109.1,54615.67,109.23,2.96,-2.82,-3.23,0.21,-0.86,-8.27,-12.09,38.97,3.72,42037.59,-36.8
113,convex-finance,cvx,Convex Finance,1168015.59,2336.03,109.1,54615.67,109.23,2.96,-2.82,-3.23,0.21,-0.86,-8.27,-12.09,38.97,3.72,42037.59,-36.8
112,pancakeswap-token,cake,PancakeSwap,1168015.59,2336.03,109.1,54615.67,109.23,2.96,-2.82,-3.23,0.21,-0.86,-8.27,-12.09,38.97,3.72,42037.59,-36.8
114,btse-token,btse,BTSE Token,1168015.59,2336.03,109.1,54615.67,109.23,2.96,-2.82,-3.23,0.21,-0.86,-8.27,-12.09,38.97,3.72,42037.59,-36.8
115,osmosis,osmo,Osmosis,1168015.59,2336.03,109.1,54615.67,109.23,2.96,-2.82,-3.23,0.21,-0.86,-8.27,-12.09,38.97,3.72,42037.59,-36.8
116,arweave,ar,Arweave,1168015.59,2336.03,109.1,54615.67,109.23,2.96,-2.82,-3.23,0.21,-0.86,-8.27,-12.09,38.97,3.72,42037.59,-36.8
117,dydx,dydx,dYdX,1168015.59,2336.03,109.1,54615.67,109.23,2.96,-2.82,-3.23,0.21,-0.86,-8.27,-12.09,38.97,3.72,42037.59,-36.8
118,enjincoin,enj,Enjin Coin,1168015.59,2336.03,109.1,54615.67,109.23,2.96,-2.82,-3.23,0.21,-0.86,-8.27,-12.09,38.97,3.72,42037.59,-36.8
119,basic-attention-token,bat,Basic Attention,1168015.59,2336.03,109.1,54615.67,109.23,2.96,-2.82,-3.23,0.21,-0.86,-8.27,-12.09,38.97,3.72,42037.59,-36.8
120,1inch,1inch,1inch,1168015.59,2336.03,109.1,54615.67,109.23,2.96,-2.82,-3.23,0.21,-0.86,-8.27,-12.09,38.97,3.72,42037.59,-36.8
121,floki,floki,FLOKI,1168015.59,2336.03,109.1,54615.67,109.23,2.96,-2.82,-3.23,0.21,-0.86,-8.27,-12.09,38.97,3.72,42037.59,-36.8
122,baby-doge-coin,babydoge,Baby Doge Coin,1168015.59,2336.03,109.1,54615.67,109.23,2.96,-2.82,-3.23,0.21,-0.86,-8.27,-12.09,38.97,3.72,42037.59,-36.8
123,mx-token,mx,MX,1168015.59,2336.03,109.1,54615.67,109.23,2.96,-2.82,-3.23,0.21,-0.86,-8.27,-12.09,38.97,3.72,42037.59,-36.8
124,gnosis,gno,Gnosis,1168015.59,2336.03,109.1,54615.67,109.23,2.96,-2.82,-3.23,0.21,-0.86,-8.27,-12.09,38.97,3.72,42037.59,-36.8
125,nem,xem,NEM,1168015.59,2336.03,109.1,54615.67,109.23,2.96,-2.82,-3.23,0.21,-0.86,-8.27,-12.09,38.97,3.72,42037.59,-36.8
126,oec-token,okt,OKT Chain,1168015.59,2336.03,109.1,54615.67,109.23,2.96,-2.82,-3.23,0.21,-0.86,-8.27,-12.09,38.97,3.72,42037.59,-36.8
127,staked-frax-ether,sfrxeth,Staked Frax Ether,1168015.59,2336.03,109.1,54615.67,109.23,2.96,-2.82,-3.23,0.21,-0.86,-8.27,-12.09,38.97,3.72,42037.59,-36.8
129,holotoken,hot,Holo,1168015.59,2336.03,109.1,54615.67,109.23,2.96,-2.82,-3.23,0.21,-0.86,-8.27,-12.09,38.97,3.72,42037.59,-36.8
128,liquity-usd,lusd,Liquity USD,1168015.59,2336.03,109.1,54615.67,109.23,2.96,-2.82,-3.23,0.21,-0.86,-8.27,-12.09,38.97,3.72,42037.59,-36.8
130,zcash,zec,Zcash,1168015.59,2336.03,109.1,54615.67,109.23,2.96,-2.82,-3.23,0.21,-0.86,-8.27,-12.09,38.97,3.72,42037.59,-36.8
132,cdai,cdai,cDAI,1168015.59,2336.03,109.1,54615.67,109.23,2.96,-2.82,-3.23,0.21,-0.86,-8.27,-12.09,38.97,3.72,42037.59,-36.8
133,safemoon,safemoon,SafeMoon [OLD],1168015.59,2336.03,109.1,54615.67,109.23,2.96,-2.82,-3.23,0.21,-0.86,-8.27,-12.09,38.97,3.72,42037.59,-36.8
131,fetch-ai,fet,Fetch.ai,1168015.59,2336.03,109.1,54615.67,109.23,2.96,-2.82,-3.23,0.21,-0.86,-8.27,-12.09,38.97,3.72,42037.59,-36.8
134,qtum,qtum,Qtum,1168015.59,2336.03,109.1,54615.67,109.23,2.96,-2.82,-3.23,0.21,-0.86,-8.27,-12.09,38.97,3.72,42037.59,-36.8
136,illuvium,ilv,Illuvium,1168015.59,2336.03,109.1,54615.67,109.23,2.96,-2.82,-3.23,0.21,-0.86,-8.27,-12.09,38.97,3.72,42037.59,-36.8
135,kaspa,kas,Kaspa,1168015.59,2336.03,109.1,54615.67,109.23,2.96,-2.82,-3.23,0.21,-0.86,-8.27,-12.09,38.97,3.72,42037.59,-36.8
137,tominet,tomi,tomiNet,1168015.59,2336.03,109.1,54615.67,109.23,2.96,-2.82,-3.23,0.21,-0.86,-8.27,-12.09,38.97,3.72,42037.59,-36.8
138,oasis-network,rose,Oasis Network,1168015.59,2336.03,109.1,54615.67,109.23,2.96,-2.82,-3.23,0.21,-0.86,-8.27,-12.09,38.97,3.72,42037.59,-36.8
139,ethereum-name-service,ens,Ethereum Name Service,1168015.59,2336.03,109.1,54615.67,109.23,2.96,-2.82,-3.23,0.21,-0.86,-8.27,-12.09,38.97,3.72,42037.59,-36.8
140,chia,xch,Chia,1168015.59,2336.03,109.1,54615.67,109.23,2.96,-2.82,-3.23,0.21,-0.86,-8.27,-12.09,38.97,3.72,42037.59,-36.8
141,aleph-zero,azero,Aleph Zero,1168015.59,2336.03,109.1,54615.67,109.23,2.96,-2.82,-3.23,0.21,-0.86,-8.27,-12.09,38.97,3.72,42037.59,-36.8
142,huobi-btc,hbtc,Huobi BTC,1168015.59,2336.03,109.1,54615.67,109.23,2.96,-2.82,-3.23,0.21,-0.86,-8.27,-12.09,38.97,3.72,42037.59,-36.8
143,link,fnsa,FINSCHIA,1168015.59,2336.03,109.1,54615.67,109.23,2.96,-2.82,-3.23,0.21,-0.86,-8.27,-12.09,38.97,3.72,42037.59,-36.8
144,theta-fuel,tfuel,Theta Fuel,1168015.59,2336.03,109.1,54615.67,109.23,2.96,-2.82,-3.23,0.21,-0.86,-8.27,-12.09,38.97,3.72,42037.59,-36.8
145,audius,audio,Audius,1168015.59,2336.03,109.1,54615.67,109.23,2.96,-2.82,-3.23,0.21,-0.86,-8.27,-12.09,38.97,3.72,42037.59,-36.8
146,celo,celo,Celo,1168015.59,2336.03,109.1,54615.67,109.23,2.96,-2.82,-3.23,0.21,-0.86,-8.27,-12.09,38.97,3.72,42037.59,-36.8
147,defichain,dfi,DeFiChain,1168015.59,2336.03,109.1,54615.67,109.23,2.96,-2.82,-3.23,0.21,-0.86,-8.27,-12.09,38.97,3.72,42037.59,-36.8
148,ravencoin,rvn,Ravencoin,1168015.59,2336.03,109.1,54615.67,109.23,2.96,-2.82,-3.23,0.21,-0.86,-8.27,-12.09,38.97,3.72,42037.59,-36.8
149,swipe,sxp,SXP,1168015.59,2336.03,109.1,54615.67,109.23,2.96,-2.82,-3.23,0.21,-0.86,-8.27,-12.09,38.97,3.72,42037.59,-36.8
150,compound-governance-token,comp,Compound,1168015.59,2336.03,109.1,54615.67,109.23,2.96,-2.82,-3.23,0.21,-0.86,-8.27,-12.09,38.97,3.72,42037.59,-36.8
151,decred,dcr,Decred,1168015.59,2336.03,109.1,54615.67,109.23,2.96,-2.82,-3.23,0.21,-0.86,-8.27,-12.09,38.97,3.72,42037.59,-36.8
152,ronin,ron,Ronin,1168015.59,2336.03,109.1,54615.67,109.23,2.96,-2.82,-3.23,0.21,-0.86,-8.27,-12.09,38.97,3.72,42037.59,-36.8
153,terra-luna-2,luna,Terra,1168015.59,2336.03,109.1,54615.67,109.23,2.96,-2.82,-3.23,0.21,-0.86,-8.27,-12.09,38.97,3.72,42037.59,-36.8
154,blur,blur,Blur,1168015.59,2336.03,109.1,54615.67,109.23,2.96,-2.82,-3.23,0.21,-0.86,-8.27,-12.09,38.97,3.72,42037.59,-36.8
155,kusama,ksm,Kusama,1168015.59,2336.03,109.1,54615.67,109.23,2.96,-2.82,-3.23,0.21,-0.86,-8.27,-12.09,38.97,3.72,42037.59,-36.8
156,icon,icx,ICON,1168015.59,2336.03,109.1,54615.67,109.23,2.96,-2.82,-3.23,0.21,-0.86,-8.27,-12.09,38.97,3.72,42037.59,-36.8
157,escoin-token,elg,Escoin,1168015.59,2336.03,109.1,54615.67,109.23,2.96,-2.82,-3.23,0.21,-0.86,-8.27,-12.09,38.97,3.72,42037.59,-36.8
158,convex-crv,cvxcrv,Convex CRV,1168015.59,2336.03,109.1,54615.67,109.23,2.96,-2.82,-3.23,0.21,-0.86,-8.27,-12.09,38.97,3.72,42037.59,-36.8
159,bitcoin-gold,btg,Bitcoin Gold,1168015.59,2336.03,109.1,54615.67,109.23,2.96,-2.82,-3.23,0.21,-0.86,-8.27,-12.09,38.97,3.72,42037.59,-36.8
162,stepn,gmt,STEPN,1168015.59,2336.03,109.1,54615.67,109.23,2.96,-2.82,-3.23,0.21,-0.86,-8.27,-12.09,38.97,3.72,42037.59,-36.8
160,tether-eurt,eurt,Euro Tether,1168015.59,2336.03,109.1,54615.67,109.23,2.96,-2.82,-3.23,0.21,-0.86,-8.27,-12.09,38.97,3.72,42037.59,-36.8
161,beldex,bdx,Beldex,1168015.59,2336.03,109.1,54615.67,109.23,2.96,-2.82,-3.23,0.21,-0.86,-8.27,-12.09,38.97,3.72,42037.59,-36.8
163,balancer,bal,Balancer,1168015.59,2336.03,109.1,54615.67,109.23,2.96,-2.82,-3.23,0.21,-0.86,-8.27,-12.09,38.97,3.72,42037.59,-36.8
164,yearn-finance,yfi,yearn.finance,1168015.59,2336.03,109.1,54615.67,109.23,2.96,-2.82,-3.23,0.21,-0.86,-8.27,-12.09,38.97,3.72,42037.59,-36.8
165,astar,astr,Astar,1168015.59,2336.03,109.1,54615.67,109.23,2.96,-2.82,-3.23,0.21,-0.86,-8.27,-12.09,38.97,3.72,42037.59,-36.8
166,jasmycoin,jasmy,JasmyCoin,1168015.59,2336.03,109.1,54615.67,109.23,2.96,-2.82,-3.23,0.21,-0.86,-8.27,-12.09,38.97,3.72,42037.59,-36.8
167,iotex,iotx,IoTeX,1168015.59,2336.03,109.1,54615.67,109.23,2.96,-2.82,-3.23,0.21,-0.86,-8.27,-12.09,38.97,3.72,42037.59,-36.8
168,ethereum-pow-iou,ethw,EthereumPoW,1168015.59,2336.03,109.1,54615.67,109.23,2.96,-2.82,-3.23,0.21,-0.86,-8.27,-12.09,38.97,3.72,42037.59,-36.8
169,ankr,ankr,Ankr Network,1168015.59,2336.03,109.1,54615.67,109.23,2.96,-2.82,-3.23,0.21,-0.86,-8.27,-12.09,38.97,3.72,42037.59,-36.8
170,wemix-token,wemix,WEMIX,1168015.59,2336.03,109.1,54615.67,109.23,2.96,-2.82,-3.23,0.21,-0.86,-8.27,-12.09,38.97,3.72,42037.59,-36.8
171,olympus,ohm,Olympus,1168015.59,2336.03,109.1,54615.67,109.23,2.96,-2.82,-3.23,0.21,-0.86,-8.27,-12.09,38.97,3.72,42037.59,-36.8
172,golem,glm,Golem,1168015.59,2336.03,109.1,54615.67,109.23,2.96,-2.82,-3.23,0.21,-0.86,-8.27,-12.09,38.97,3.72,42037.59,-36.8
173,just,jst,JUST,1168015.59,2336.03,109.1,54615.67,109.23,2.96,-2.82,-3.23,0.21,-0.86,-8.27,-12.09,38.97,3.72,42037.59,-36.8
174,magic,magic,Magic,1168015.59,2336.03,109.1,54615.67,109.23,2.96,-2.82,-3.23,0.21,-0.86,-8.27,-12.09,38.97,3.72,42037.59,-36.8
175,ontology,ont,Ontology,1168015.59,2336.03,109.1,54615.67,109.23,2.96,-2.82,-3.23,0.21,-0.86,-8.27,-12.09,38.97,3.72,42037.59,-36.8
176,helium,hnt,Helium,1168015.59,2336.03,109.1,54615.67,109.23,2.96,-2.82,-3.23,0.21,-0.86,-8.27,-12.09,38.97,3.72,42037.59,-36.8
177,dao-maker,dao,DAO Maker,1168015.59,2336.03,109.1,54615.67,109.23,2.96,-2.82,-3.23,0.21,-0.86,-8.27,-12.09,38.97,3.72,42037.59,-36.8
178,0x,zrx,0x Protocol,1168015.59,2336.03,109.1,54615.67,109.23,2.96,-2.82,-3.23,0.21,-0.86,-8.27,-12.09,38.97,3.72,42037.59,-36.8
179,edu-coin,edu,Open Campus,1168015.59,2336.03,109.1,54615.67,109.23,2.96,-2.82,-3.23,0.21,-0.86,-8.27,-12.09,38.97,3.72,42037.59,-36.8
180,bone-shibaswap,bone,Bone ShibaSwap,1168015.59,2336.03,109.1,54615.67,109.23,2.96,-2.82,-3.23,0.21,-0.86,-8.27,-12.09,38.97,3.72,42037.59,-36.8
181,moonbeam,glmr,Moonbeam,1168015.59,2336.03,109.1,54615.67,109.23,2.96,-2.82,-3.23,0.21,-0.86,-8.27,-12.09,38.97,3.72,42037.59,-36.8
182,ordinals,ordi,ORDI,1168015.59,2336.03,109.1,54615.67,109.23,2.96,-2.82,-3.23,0.21,-0.86,-8.27,-12.09,38.97,3.72,42037.59,-36.8
183,harmony,one,Harmony,1168015.59,2336.03,109.1,54615.67,109.23,2.96,-2.82,-3.23,0.21,-0.86,-8.27,-12.09,38.97,3.72,42037.59,-36.8
185,wax,waxp,WAX,1168015.59,2336.03,109.1,54615.67,109.23,2.96,-2.82,-3.23,0.21,-0.86,-8.27,-12.09,38.97,3.72,42037.59,-36.8
184,band-protocol,band,Band Protocol,1168015.59,2336.03,109.1,54615.67,109.23,2.96,-2.82,-3.23,0.21,-0.86,-8.27,-12.09,38.97,3.72,42037.59,-36.8
186,kadena,kda,Kadena,1168015.59,2336.03,109.1,54615.67,109.23,2.96,-2.82,-3.23,0.21,-0.86,-8.27,-12.09,38.97,3.72,42037.59,-36.8
187,alchemix-usd,alusd,Alchemix USD,1168015.59,2336.03,109.1,54615.67,109.23,2.96,-2.82,-3.23,0.21,-0.86,-8.27,-12.09,38.97,3.72,42037.59,-36.8
188,waves,waves,Waves,1168015.59,2336.03,109.1,54615.67,109.23,2.96,-2.82,-3.23,0.21,-0.86,-8.27,-12.09,38.97,3.72,42037.59,-36.8
189,iostoken,iost,IOST,1168015.59,2336.03,109.1,54615.67,109.23,2.96,-2.82,-3.23,0.21,-0.86,-8.27,-12.09,38.97,3.72,42037.59,-36.8
190,gains-farm,gfarm2,Gains Farm,1168015.59,2336.03,109.1,54615.67,109.23,2.96,-2.82,-3.23,0.21,-0.86,-8.27,-12.09,38.97,3.72,42037.59,-36.8
191,ssv-network,ssv,SSV Network,1168015.59,2336.03,109.1,54615.67,109.23,2.96,-2.82,-3.23,0.21,-0.86,-8.27,-12.09,38.97,3.72,42037.59,-36.8
192,ecomi,omi,ECOMI,1168015.59,2336.03,109.1,54615.67,109.23,2.96,-2.82,-3.23,0.21,-0.86,-8.27,-12.09,38.97,3.72,42037.59,-36.8
193,sushi,sushi,Sushi,1168015.59,2336.03,109.1,54615.67,109.23,2.96,-2.82,-3.23,0.21,-0.86,-8.27,-12.09,38.97,3.72,42037.59,-36.8
194,siacoin,sc,Siacoin,1168015.59,2336.03,109.1,54615.67,109.23,2.96,-2.82,-3.23,0.21,-0.86,-8.27,-12.09,38.97,3.72,42037.59,-36.8
195,zelcash,flux,Flux,1168015.59,2336.03,109.1,54615.67,109.23,2.96,-2.82,-3.23,0.21,-0.86,-8.27,-12.09,38.97,3.72,42037.59,-36.8
196,astrafer,astrafer,Astrafer,1168015.59,2336.03,109.1,54615.67,109.23,2.96,-2.82,-3.23,0.21,-0.86,-8.27,-12.09,38.97,3.72,42037.59,-36.8
197,ocean-protocol,ocean,Ocean Protocol,1168015.59,2336.03,109.1,54615.67,109.23,2.96,-2.82,-3.23,0.21,-0.86,-8.27,-12.09,38.97,3.72,42037.59,-36.8
199,akash-network,akt,Akash Network,1168015.59,2336.03,109.1,54615.67,109.23,2.96,-2.82,-3.23,0.21,-0.86,-8.27,-12.09,38.97,3.72,42037.59,-36.8
198,lukso-token,lyxe,LUKSO,1168015.59,2336.03,109.1,54615.67,109.23,2.96,-2.82,-3.23,0.21,-0.86,-8.27,-12.09,38.97,3.72,42037.59,-36.8
200,biconomy,bico,Biconomy,1168015.59,2336.03,109.1,54615.67,109.23,2.96,-2.82,-3.23,0.21,-0.86,-8.27,-12.09,38.97,3.72,42037.59,-36.8
201,bitcoin-avalanche-bridged-btc-b,btc.b,Bitcoin Avalanche Bridged (BTC.b),1168015.59,2336.03,109.1,54615.67,109.23,2.96,-2.82,-3.23,0.21,-0.86,-8.27,-12.09,38.97,3.72,42037.59,-36.8
202,bora,bora,BORA,1168015.59,2336.03,109.1,54615.67,109.23,2.96,-2.82,-3.23,0.21,-0.86,-8.27,-12.09,38.97,3.72,42037.59,-36.8
203,cyberharbor,cht,CyberHarbor,1168015.59,2336.03,109.1,54615.67,109.23,2.96,-2.82,-3.23,0.21,-0.86,-8.27,-12.09,38.97,3.72,42037.59,-36.8
204,safepal,sfp,SafePal,1168015.59,2336.03,109.1,54615.67,109.23,2.96,-2.82,-3.23,0.21,-0.86,-8.27,-12.09,38.97,3.72,42037.59,-36.8
205,skale,skl,SKALE,1168015.59,2336.03,109.1,54615.67,109.23,2.96,-2.82,-3.23,0.21,-0.86,-8.27,-12.09,38.97,3.72,42037.59,-36.8
206,gains-network,gns,Gains Network,1168015.59,2336.03,109.1,54615.67,109.23,2.96,-2.82,-3.23,0.21,-0.86,-8.27,-12.09,38.97,3.72,42037.59,-36.8
207,reserve-rights-token,rsr,Reserve Rights,1168015.59,2336.03,109.1,54615.67,109.23,2.96,-2.82,-3.23,0.21,-0.86,-8.27,-12.09,38.97,3.72,42037.59,-36.8
208,seth2,seth2,sETH2,1168015.59,2336.03,109.1,54615.67,109.23,2.96,-2.82,-3.23,0.21,-0.86,-8.27,-12.09,38.97,3.72,42037.59,-36.8
209,amp-token,amp,Amp,1168015.59,2336.03,109.1,54615.67,109.23,2.96,-2.82,-3.23,0.21,-0.86,-8.27,-12.09,38.97,3.72,42037.59,-36.8
210,aragon,ant,Aragon,1168015.59,2336.03,109.1,54615.67,109.23,2.96,-2.82,-3.23,0.21,-0.86,-8.27,-12.09,38.97,3.72,42037.59,-36.8
211,tomochain,tomo,TomoChain,1168015.59,2336.03,109.1,54615.67,109.23,2.96,-2.82,-3.23,0.21,-0.86,-8.27,-12.09,38.97,3.72,42037.59,-36.8
219,safemoon-2,sfm,SafeMoon,1168015.59,2336.03,109.1,54615.67,109.23,2.96,-2.82,-3.23,0.21,-0.86,-8.27,-12.09,38.97,3.72,42037.59,-36.8
212,livepeer,lpt,Livepeer,1168015.59,2336.03,109.1,54615.67,109.23,2.96,-2.82,-3.23,0.21,-0.86,-8.27,-12.09,38.97,3.72,42037.59,-36.8
213,bitkub-coin,kub,Bitkub Coin,1168015.59,2336.03,109.1,54615.67,109.23,2.96,-2.82,-3.23,0.21,-0.86,-8.27,-12.09,38.97,3.72,42037.59,-36.8
214,uma,uma,UMA,1168015.59,2336.03,109.1,54615.67,109.23,2.96,-2.82,-3.23,0.21,-0.86,-8.27,-12.09,38.97,3.72,42037.59,-36.8
215,alchemy-pay,ach,Alchemy Pay,1168015.59,2336.03,109.1,54615.67,109.23,2.96,-2.82,-3.23,0.21,-0.86,-8.27,-12.09,38.97,3.72,42037.59,-36.8
216,joe,joe,JOE,1168015.59,2336.03,109.1,54615.67,109.23,2.96,-2.82,-3.23,0.21,-0.86,-8.27,-12.09,38.97,3.72,42037.59,-36.8
217,stargate-finance,stg,Stargate Finance,1168015.59,2336.03,109.1,54615.67,109.23,2.96,-2.82,-3.23,0.21,-0.86,-8.27,-12.09,38.97,3.72,42037.59,-36.8
218,aelf,elf,aelf,1168015.59,2336.03,109.1,54615.67,109.23,2.96,-2.82,-3.23,0.21,-0.86,-8.27,-12.09,38.97,3.72,42037.59,-36.8
221,wrapped-beacon-eth,wbeth,Wrapped Beacon ETH,1168015.59,2336.03,109.1,54615.67,109.23,2.96,-2.82,-3.23,0.21,-0.86,-8.27,-12.09,38.97,3.72,42037.59,-36.8
220,stasis-eurs,eurs,STASIS EURO,1168015.59,2336.03,109.1,54615.67,109.23,2.96,-2.82,-3.23,0.21,-0.86,-8.27,-12.09,38.97,3.72,42037.59,-36.8
222,cartesi,ctsi,Cartesi,1168015.59,2336.03,109.1,54615.67,109.23,2.96,-2.82,-3.23,0.21,-0.86,-8.27,-12.09,38.97,3.72,42037.59,-36.8
223,terrausd,ustc,TerraClassicUSD,1168015.59,2336.03,109.1,54615.67,109.23,2.96,-2.82,-3.23,0.21,-0.86,-8.27,-12.09,38.97,3.72,42037.59,-36.8
224,space-id,id,SPACE ID,1168015.59,2336.03,109.1,54615.67,109.23,2.96,-2.82,-3.23,0.21,-0.86,-8.27,-12.09,38.97,3.72,42037.59,-36.8
225,tribe-2,tribe,Tribe,1168015.59,2336.03,109.1,54615.67,109.23,2.96,-2.82,-3.23,0.21,-0.86,-8.27,-12.09,38.97,3.72,42037.59,-36.8
226,blox,cdt,Blox,1168015.59,2336.03,109.1,54615.67,109.23,2.96,-2.82,-3.23,0.21,-0.86,-8.27,-12.09,38.97,3.72,42037.59,-36.8
227,bilira,tryb,BiLira,1168015.59,2336.03,109.1,54615.67,109.23,2.96,-2.82,-3.23,0.21,-0.86,-8.27,-12.09,38.97,3.72,42037.59,-36.8
228,hive,hive,Hive,1168015.59,2336.03,109.1,54615.67,109.23,2.96,-2.82,-3.23,0.21,-0.86,-8.27,-12.09,38.97,3.72,42037.59,-36.8
229,axelar,axl,Axelar,1168015.59,2336.03,109.1,54615.67,109.23,2.96,-2.82,-3.23,0.21,-0.86,-8.27,-12.09,38.97,3.72,42037.59,-36.8
231,digibyte,dgb,DigiByte,1168015.59,2336.03,109.1,54615.67,109.23,2.96,-2.82,-3.23,0.21,-0.86,-8.27,-12.09,38.97,3.72,42037.59,-36.8
230,swissborg,chsb,SwissBorg,1168015.59,2336.03,109.1,54615.67,109.23,2.96,-2.82,-3.23,0.21,-0.86,-8.27,-12.09,38.97,3.72,42037.59,-36.8
233,synapse-2,syn,Synapse,1168015.59,2336.03,109.1,54615.67,109.23,2.96,-2.82,-3.23,0.21,-0.86,-8.27,-12.09,38.97,3.72,42037.59,-36.8
234,lisk,lsk,Lisk,1168015.59,2336.03,109.1,54615.67,109.23,2.96,-2.82,-3.23,0.21,-0.86,-8.27,-12.09,38.97,3.72,42037.59,-36.8
235,nervos-network,ckb,Nervos Network,1168015.59,2336.03,109.1,54615.67,109.23,2.96,-2.82,-3.23,0.21,-0.86,-8.27,-12.09,38.97,3.72,42037.59,-36.8
236,compound-usdt,cusdt,cUSDT,1168015.59,2336.03,109.1,54615.67,109.23,2.96,-2.82,-3.23,0.21,-0.86,-8.27,-12.09,38.97,3.72,42037.59,-36.8
237,dogelon-mars,elon,Dogelon Mars,1168015.59,2336.03,109.1,54615.67,109.23,2.96,-2.82,-3.23,0.21,-0.86,-8.27,-12.09,38.97,3.72,42037.59,-36.8
232,polymath,poly,Polymath,1168015.59,2336.03,109.1,54615.67,109.23,2.96,-2.82,-3.23,0.21,-0.86,-8.27,-12.09,38.97,3.72,42037.59,-36.8
238,everscale,ever,Everscale,1168015.59,2336.03,109.1,54615.67,109.23,2.96,-2.82,-3.23,0.21,-0.86,-8.27,-12.09,38.97,3.72,42037.59,-36.8
241,ribbon-finance,rbn,Ribbon Finance,1168015.59,2336.03,109.1,54615.67,109.23,2.96,-2.82,-3.23,0.21,-0.86,-8.27,-12.09,38.97,3.72,42037.59,-36.8
240,bitrise-token,brise,Bitgert,1168015.59,2336.03,109.1,54615.67,109.23,2.96,-2.82,-3.23,0.21,-0.86,-8.27,-12.09,38.97,3.72,42037.59,-36.8
242,coredaoorg,core,Core,1168015.59,2336.03,109.1,54615.67,109.23,2.96,-2.82,-3.23,0.21,-0.86,-8.27,-12.09,38.97,3.72,42037.59,-36.8
243,zencash,zen,Horizen,1168015.59,2336.03,109.1,54615.67,109.23,2.96,-2.82,-3.23,0.21,-0.86,-8.27,-12.09,38.97,3.72,42037.59,-36.8
244,rif-token,rif,RSK Infrastructure Framework,1168015.59,2336.03,109.1,54615.67,109.23,2.96,-2.82,-3.23,0.21,-0.86,-8.27,-12.09,38.97,3.72,42037.59,-36.8
245,origintrail,trac,OriginTrail,1168015.59,2336.03,109.1,54615.67,109.23,2.96,-2.82,-3.23,0.21,-0.86,-8.27,-12.09,38.97,3.72,42037.59,-36.8
246,telcoin,tel,Telcoin,1168015.59,2336.03,109.1,54615.67,109.23,2.96,-2.82,-3.23,0.21,-0.86,-8.27,-12.09,38.97,3.72,42037.59,-36.8
248,kyber-network-crystal,knc,Kyber Network Crystal,1168015.59,2336.03,109.1,54615.67,109.23,2.96,-2.82,-3.23,0.21,-0.86,-8.27,-12.09,38.97,3.72,42037.59,-36.8
247,canvas-n-glr,glr,GalleryCoin,1168015.59,2336.03,109.1,54615.67,109.23,2.96,-2.82,-3.23,0.21,-0.86,-8.27,-12.09,38.97,3.72,42037.59,-36.8
251,iexec-rlc,rlc,iExec RLC,1168015.59,2336.03,109.1,54615.67,109.23,2.96,-2.82,-3.23,0.21,-0.86,-8.27,-12.09,38.97,3.72,42037.59,-36.8
250,celer-network,celr,Celer Network,1168015.59,2336.03,109.1,54615.67,109.23,2.96,-2.82,-3.23,0.21,-0.86,-8.27,-12.09,38.97,3.72,42037.59,-36.8
249,energy-web-token,ewt,Energy Web,1168015.59,2336.03,109.1,54615.67,109.23,2.96,-2.82,-3.23,0.21,-0.86,-8.27,-12.09,38.97,3.72,42037.59,-36.8
253,linear,lina,Linear,1168015.59,2336.03,109.1,54615.67,109.23,2.96,-2.82,-3.23,0.21,-0.86,-8.27,-12.09,38.97,3.72,42037.59,-36.8
252,polymesh,polyx,Polymesh,1168015.59,2336.03,109.1,54615.67,109.23,2.96,-2.82,-3.23,0.21,-0.86,-8.27,-12.09,38.97,3.72,42037.59,-36.8
255,liquity,lqty,Liquity,1168015.59,2336.03,109.1,54615.67,109.23,2.96,-2.82,-3.23,0.21,-0.86,-8.27,-12.09,38.97,3.72,42037.59,-36.8
256,access-protocol,acs,Access Protocol,1168015.59,2336.03,109.1,54615.67,109.23,2.96,-2.82,-3.23,0.21,-0.86,-8.27,-12.09,38.97,3.72,42037.59,-36.8
254,msol,msol,Marinade staked SOL,1168015.59,2336.03,109.1,54615.67,109.23,2.96,-2.82,-3.23,0.21,-0.86,-8.27,-12.09,38.97,3.72,42037.59,-36.8
257,insure,sure,inSure DeFi,1168015.59,2336.03,109.1,54615.67,109.23,2.96,-2.82,-3.23,0.21,-0.86,-8.27,-12.09,38.97,3.72,42037.59,-36.8
258,nucypher,nu,NuCypher,1168015.59,2336.03,109.1,54615.67,109.23,2.96,-2.82,-3.23,0.21,-0.86,-8.27,-12.09,38.97,3.72,42037.59,-36.8
260,deso,deso,Decentralized Social,1168015.59,2336.03,109.1,54615.67,109.23,2.96,-2.82,-3.23,0.21,-0.86,-8.27,-12.09,38.97,3.72,42037.59,-36.8
259,vvs-finance,vvs,VVS Finance,1168015.59,2336.03,109.1,54615.67,109.23,2.96,-2.82,-3.23,0.21,-0.86,-8.27,-12.09,38.97,3.72,42037.59,-36.8
261,omisego,omg,OMG Network,1168015.59,2336.03,109.1,54615.67,109.23,2.96,-2.82,-3.23,0.21,-0.86,-8.27,-12.09,38.97,3.72,42037.59,-36.8
262,kujira,kuji,Kujira,1168015.59,2336.03,109.1,54615.67,109.23,2.96,-2.82,-3.23,0.21,-0.86,-8.27,-12.09,38.97,3.72,42037.59,-36.8
263,api3,api3,API3,1168015.59,2336.03,109.1,54615.67,109.23,2.96,-2.82,-3.23,0.21,-0.86,-8.27,-12.09,38.97,3.72,42037.59,-36.8
264,e-radix,exrd,e-Radix,1168015.59,2336.03,109.1,54615.67,109.23,2.96,-2.82,-3.23,0.21,-0.86,-8.27,-12.09,38.97,3.72,42037.59,-36.8
265,coinex-token,cet,CoinEx,1168015.59,2336.03,109.1,54615.67,109.23,2.96,-2.82,-3.23,0.21,-0.86,-8.27,-12.09,38.97,3.72,42037.59,-36.8
267,apenft,nft,APENFT,1168015.59,2336.03,109.1,54615.67,109.23,2.96,-2.82,-3.23,0.21,-0.86,-8.27,-12.09,38.97,3.72,42037.59,-36.8
269,alethea-artificial-liquid-intelligence-token,ali,Artificial Liquid Intelligence,1168015.59,2336.03,109.1,54615.67,109.23,2.96,-2.82,-3.23,0.21,-0.86,-8.27,-12.09,38.97,3.72,42037.59,-36.8
268,stride,strd,Stride,1168015.59,2336.03,109.1,54615.67,109.23,2.96,-2.82,-3.23,0.21,-0.86,-8.27,-12.09,38.97,3.72,42037.59,-36.8
270,flex-coin,flex,FLEX Coin,1168015.59,2336.03,109.1,54615.67,109.23,2.96,-2.82,-3.23,0.21,-0.86,-8.27,-12.09,38.97,3.72,42037.59,-36.8
266,fx-coin,fx,Function X,1168015.59,2336.03,109.1,54615.67,109.23,2.96,-2.82,-3.23,0.21,-0.86,-8.27,-12.09,38.97,3.72,42037.59,-36.8
271,pundi-x-2,pundix,Pundi X,1168015.59,2336.03,109.1,54615.67,109.23,2.96,-2.82,-3.23,0.21,-0.86,-8.27,-12.09,38.97,3.72,42037.59,-36.8
272,milk-alliance,mlk,MiL.k Alliance,1168015.59,2336.03,109.1,54615.67,109.23,2.96,-2.82,-3.23,0.21,-0.86,-8.27,-12.09,38.97,3.72,42037.59,-36.8
275,playdapp,pla,PlayDapp,1168015.59,2336.03,109.1,54615.67,109.23,2.96,-2.82,-3.23,0.21,-0.86,-8.27,-12.09,38.97,3.72,42037.59,-36.8
274,benqi-liquid-staked-avax,savax,BENQI Liquid Staked AVAX,1168015.59,2336.03,109.1,54615.67,109.23,2.96,-2.82,-3.23,0.21,-0.86,-8.27,-12.09,38.97,3.72,42037.59,-36.8
273,ergo,erg,Ergo,1168015.59,2336.03,109.1,54615.67,109.23,2.96,-2.82,-3.23,0.21,-0.86,-8.27,-12.09,38.97,3.72,42037.59,-36.8
239,cocos-bcx,cocos,COCOS BCX,1168015.59,2336.03,109.1,54615.67,109.23,2.96,-2.82,-3.23,0.21,-0.86,-8.27,-12.09,38.97,3.72,42037.59,-36.8
277,eusd-27a558b0-8b5b-4225-a614-63539da936f4,eusd,eUSD,1168015.59,2336.03,109.1,54615.67,109.23,2.96,-2.82,-3.23,0.21,-0.86,-8.27,-12.09,38.97,3.72,42037.59,-36.8
276,metis-token,metis,Metis,1168015.59,2336.03,109.1,54615.67,109.23,2.96,-2.82,-3.23,0.21,-0.86,-8.27,-12.09,38.97,3.72,42037.59,-36.8
278,wilder-world,wild,Wilder World,1168015.59,2336.03,109.1,54615.67,109.23,2.96,-2.82,-3.23,0.21,-0.86,-8.27,-12.09,38.97,3.72,42037.59,-36.8
279,coin98,c98,Coin98,1168015.59,2336.03,109.1,54615.67,109.23,2.96,-2.82,-3.23,0.21,-0.86,-8.27,-12.09,38.97,3.72,42037.59,-36.8
281,nano,xno,Nano,1168015.59,2336.03,109.1,54615.67,109.23,2.96,-2.82,-3.23,0.21,-0.86,-8.27,-12.09,38.97,3.72,42037.59,-36.8
280,status,snt,Status,1168015.59,2336.03,109.1,54615.67,109.23,2.96,-2.82,-3.23,0.21,-0.86,-8.27,-12.09,38.97,3.72,42037.59,-36.8
282,ecoin-2,ecoin,Ecoin,1168015.59,2336.03,109.1,54615.67,109.23,2.96,-2.82,-3.23,0.21,-0.86,-8.27,-12.09,38.97,3.72,42037.59,-36.8
283,nym,nym,Nym,1168015.59,2336.03,109.1,54615.67,109.23,2.96,-2.82,-3.23,0.21,-0.86,-8.27,-12.09,38.97,3.72,42037.59,-36.8
284,agoric,bld,Agoric,1168015.59,2336.03,109.1,54615.67,109.23,2.96,-2.82,-3.23,0.21,-0.86,-8.27,-12.09,38.97,3.72,42037.59,-36.8
285,secret,scrt,Secret,1168015.59,2336.03,109.1,54615.67,109.23,2.96,-2.82,-3.23,0.21,-0.86,-8.27,-12.09,38.97,3.72,42037.59,-36.8
287,numeraire,nmr,Numeraire,1168015.59,2336.03,109.1,54615.67,109.23,2.96,-2.82,-3.23,0.21,-0.86,-8.27,-12.09,38.97,3.72,42037.59,-36.8
286,smooth-love-potion,slp,Smooth Love Potion,1168015.59,2336.03,109.1,54615.67,109.23,2.96,-2.82,-3.23,0.21,-0.86,-8.27,-12.09,38.97,3.72,42037.59,-36.8
288,metars-genesis,mrs,Metars Genesis,1168015.59,2336.03,109.1,54615.67,109.23,2.96,-2.82,-3.23,0.21,-0.86,-8.27,-12.09,38.97,3.72,42037.59,-36.8
290,celsius-degree-token,cel,Celsius Network,1168015.59,2336.03,109.1,54615.67,109.23,2.96,-2.82,-3.23,0.21,-0.86,-8.27,-12.09,38.97,3.72,42037.59,-36.8
289,lido-staked-sol,stsol,Lido Staked SOL,1168015.59,2336.03,109.1,54615.67,109.23,2.96,-2.82,-3.23,0.21,-0.86,-8.27,-12.09,38.97,3.72,42037.59,-36.8
291,dexe,dexe,DeXe,1168015.59,2336.03,109.1,54615.67,109.23,2.96,-2.82,-3.23,0.21,-0.86,-8.27,-12.09,38.97,3.72,42037.59,-36.8
292,multichain,multi,Multichain,1168015.59,2336.03,109.1,54615.67,109.23,2.96,-2.82,-3.23,0.21,-0.86,-8.27,-12.09,38.97,3.72,42037.59,-36.8
293,radicle,rad,Radicle,1168015.59,2336.03,109.1,54615.67,109.23,2.96,-2.82,-3.23,0.21,-0.86,-8.27,-12.09,38.97,3.72,42037.59,-36.8
295,medibloc,med,Medibloc,1168015.59,2336.03,109.1,54615.67,109.23,2.96,-2.82,-3.23,0.21,-0.86,-8.27,-12.09,38.97,3.72,42037.59,-36.8
296,chromaway,chr,Chromia,1168015.59,2336.03,109.1,54615.67,109.23,2.96,-2.82,-3.23,0.21,-0.86,-8.27,-12.09,38.97,3.72,42037.59,-36.8
294,my-neighbor-alice,alice,My Neighbor Alice,1168015.59,2336.03,109.1,54615.67,109.23,2.96,-2.82,-3.23,0.21,-0.86,-8.27,-12.09,38.97,3.72,42037.59,-36.8
298,constitutiondao,people,ConstitutionDAO,1168015.59,2336.03,109.1,54615.67,109.23,2.96,-2.82,-3.23,0.21,-0.86,-8.27,-12.09,38.97,3.72,42037.59,-36.8
299,syscoin,sys,Syscoin,1168015.59,2336.03,109.1,54615.67,109.23,2.96,-2.82,-3.23,0.21,-0.86,-8.27,-12.09,38.97,3.72,42037.59,-36.8
297,constellation-labs,dag,Constellation,1168015.59,2336.03,109.1,54615.67,109.23,2.96,-2.82,-3.23,0.21,-0.86,-8.27,-12.09,38.97,3.72,42037.59,-36.8
300,decimal,del,Decimal,1168015.59,2336.03,109.1,54615.67,109.23,2.96,-2.82,-3.23,0.21,-0.86,-8.27,-12.09,38.97,3.72,42037.59,-36.8
302,ankreth,ankreth,Ankr Staked ETH,1168015.59,2336.03,109.1,54615.67,109.23,2.96,-2.82,-3.23,0.21,-0.86,-8.27,-12.09,38.97,3.72,42037.59,-36.8
303,coinweb,cweb,Coinweb,1168015.59,2336.03,109.1,54615.67,109.23,2.96,-2.82,-3.23,0.21,-0.86,-8.27,-12.09,38.97,3.72,42037.59,-36.8
301,humanscape,hum,Humanscape,1168015.59,2336.03,109.1,54615.67,109.23,2.96,-2.82,-3.23,0.21,-0.86,-8.27,-12.09,38.97,3.72,42037.59,-36.8
305,rollbit-coin,rlb,Rollbit Coin,1168015.59,2336.03,109.1,54615.67,109.23,2.96,-2.82,-3.23,0.21,-0.86,-8.27,-12.09,38.97,3.72,42037.59,-36.8
304,alpha-finance,alpha,Stella,1168015.59,2336.03,109.1,54615.67,109.23,2.96,-2.82,-3.23,0.21,-0.86,-8.27,-12.09,38.97,3.72,42037.59,-36.8
333,marlin,pond,Marlin,1168015.59,2336.03,109.1,54615.67,109.23,2.96,-2.82,-3.23,0.21,-0.86,-8.27,-12.09,38.97,3.72,42037.59,-36.8
306,humans-ai,heart,Humans.ai,1168015.59,2336.03,109.1,54615.67,109.23,2.96,-2.82,-3.23,0.21,-0.86,-8.27,-12.09,38.97,3.72,42037.59,-36.8
307,avinoc,avinoc,AVINOC,1168015.59,2336.03,109.1,54615.67,109.23,2.96,-2.82,-3.23,0.21,-0.86,-8.27,-12.09,38.97,3.72,42037.59,-36.8
308,merit-circle,mc,Merit Circle,1168015.59,2336.03,109.1,54615.67,109.23,2.96,-2.82,-3.23,0.21,-0.86,-8.27,-12.09,38.97,3.72,42037.59,-36.8
310,magic-internet-money,mim,Magic Internet Money,1168015.59,2336.03,109.1,54615.67,109.23,2.96,-2.82,-3.23,0.21,-0.86,-8.27,-12.09,38.97,3.72,42037.59,-36.8
309,coti,coti,COTI,1168015.59,2336.03,109.1,54615.67,109.23,2.96,-2.82,-3.23,0.21,-0.86,-8.27,-12.09,38.97,3.72,42037.59,-36.8
312,gitcoin,gtc,Gitcoin,1168015.59,2336.03,109.1,54615.67,109.23,2.96,-2.82,-3.23,0.21,-0.86,-8.27,-12.09,38.97,3.72,42037.59,-36.8
311,nest,nest,Nest Protocol,1168015.59,2336.03,109.1,54615.67,109.23,2.96,-2.82,-3.23,0.21,-0.86,-8.27,-12.09,38.97,3.72,42037.59,-36.8
313,vulcan-forged,pyr,Vulcan Forged,1168015.59,2336.03,109.1,54615.67,109.23,2.96,-2.82,-3.23,0.21,-0.86,-8.27,-12.09,38.97,3.72,42037.59,-36.8
314,dent,dent,Dent,1168015.59,2336.03,109.1,54615.67,109.23,2.96,-2.82,-3.23,0.21,-0.86,-8.27,-12.09,38.97,3.72,42037.59,-36.8
315,hermez-network-token,hez,Hermez Network,1168015.59,2336.03,109.1,54615.67,109.23,2.96,-2.82,-3.23,0.21,-0.86,-8.27,-12.09,38.97,3.72,42037.59,-36.8
316,stp-network,stpt,STP,1168015.59,2336.03,109.1,54615.67,109.23,2.96,-2.82,-3.23,0.21,-0.86,-8.27,-12.09,38.97,3.72,42037.59,-36.8
317,mobox,mbox,Mobox,1168015.59,2336.03,109.1,54615.67,109.23,2.96,-2.82,-3.23,0.21,-0.86,-8.27,-12.09,38.97,3.72,42037.59,-36.8
318,canto,canto,CANTO,1168015.59,2336.03,109.1,54615.67,109.23,2.96,-2.82,-3.23,0.21,-0.86,-8.27,-12.09,38.97,3.72,42037.59,-36.8
319,songbird,sgb,Songbird,1168015.59,2336.03,109.1,54615.67,109.23,2.96,-2.82,-3.23,0.21,-0.86,-8.27,-12.09,38.97,3.72,42037.59,-36.8
320,steem,steem,Steem,1168015.59,2336.03,109.1,54615.67,109.23,2.96,-2.82,-3.23,0.21,-0.86,-8.27,-12.09,38.97,3.72,42037.59,-36.8
321,orbs,orbs,Orbs,1168015.59,2336.03,109.1,54615.67,109.23,2.96,-2.82,-3.23,0.21,-0.86,-8.27,-12.09,38.97,3.72,42037.59,-36.8
323,vethor-token,vtho,VeThor,1168015.59,2336.03,109.1,54615.67,109.23,2.96,-2.82,-3.23,0.21,-0.86,-8.27,-12.09,38.97,3.72,42037.59,-36.8
326,kinesis-gold,kau,Kinesis Gold,1168015.59,2336.03,109.1,54615.67,109.23,2.96,-2.82,-3.23,0.21,-0.86,-8.27,-12.09,38.97,3.72,42037.59,-36.8
325,prometeus,prom,Prom,1168015.59,2336.03,109.1,54615.67,109.23,2.96,-2.82,-3.23,0.21,-0.86,-8.27,-12.09,38.97,3.72,42037.59,-36.8
322,telos,tlos,Telos,1168015.59,2336.03,109.1,54615.67,109.23,2.96,-2.82,-3.23,0.21,-0.86,-8.27,-12.09,38.97,3.72,42037.59,-36.8
327,nerve-finance,nrv,Nerve Finance,1168015.59,2336.03,109.1,54615.67,109.23,2.96,-2.82,-3.23,0.21,-0.86,-8.27,-12.09,38.97,3.72,42037.59,-36.8
328,hashflow,hft,Hashflow,1168015.59,2336.03,109.1,54615.67,109.23,2.96,-2.82,-3.23,0.21,-0.86,-8.27,-12.09,38.97,3.72,42037.59,-36.8
329,radiant-capital,rdnt,Radiant Capital,1168015.59,2336.03,109.1,54615.67,109.23,2.96,-2.82,-3.23,0.21,-0.86,-8.27,-12.09,38.97,3.72,42037.59,-36.8
324,wrapped-centrifuge,wcfg,Wrapped Centrifuge,1168015.59,2336.03,109.1,54615.67,109.23,2.96,-2.82,-3.23,0.21,-0.86,-8.27,-12.09,38.97,3.72,42037.59,-36.8
330,murasaki,mura,Murasaki,1168015.59,2336.03,109.1,54615.67,109.23,2.96,-2.82,-3.23,0.21,-0.86,-8.27,-12.09,38.97,3.72,42037.59,-36.8
331,kinesis-silver,kag,Kinesis Silver,1168015.59,2336.03,109.1,54615.67,109.23,2.96,-2.82,-3.23,0.21,-0.86,-8.27,-12.09,38.97,3.72,42037.59,-36.8
332,centrifuge,cfg,Centrifuge,1168015.59,2336.03,109.1,54615.67,109.23,2.96,-2.82,-3.23,0.21,-0.86,-8.27,-12.09,38.97,3.72,42037.59,-36.8
336,dkargo,dka,dKargo,1168015.59,2336.03,109.1,54615.67,109.23,2.96,-2.82,-3.23,0.21,-0.86,-8.27,-12.09,38.97,3.72,42037.59,-36.8
335,vega-protocol,vega,Vega Protocol,1168015.59,2336.03,109.1,54615.67,109.23,2.96,-2.82,-3.23,0.21,-0.86,-8.27,-12.09,38.97,3.72,42037.59,-36.8
337,maidsafecoin,emaid,MaidSafeCoin,1168015.59,2336.03,109.1,54615.67,109.23,2.96,-2.82,-3.23,0.21,-0.86,-8.27,-12.09,38.97,3.72,42037.59,-36.8
334,vibing,vbg,Vibing,1168015.59,2336.03,109.1,54615.67,109.23,2.96,-2.82,-3.23,0.21,-0.86,-8.27,-12.09,38.97,3.72,42037.59,-36.8
338,dero,dero,Dero,1168015.59,2336.03,109.1,54615.67,109.23,2.96,-2.82,-3.23,0.21,-0.86,-8.27,-12.09,38.97,3.72,42037.59,-36.8
339,nkn,nkn,NKN,1168015.59,2336.03,109.1,54615.67,109.23,2.96,-2.82,-3.23,0.21,-0.86,-8.27,-12.09,38.97,3.72,42037.59,-36.8
340,pha,pha,Phala,1168015.59,2336.03,109.1,54615.67,109.23,2.96,-2.82,-3.23,0.21,-0.86,-8.27,-12.09,38.97,3.72,42037.59,-36.8
341,everipedia,iq,IQ,1168015.59,2336.03,109.1,54615.67,109.23,2.96,-2.82,-3.23,0.21,-0.86,-8.27,-12.09,38.97,3.72,42037.59,-36.8
342,ardor,ardr,Ardor,1168015.59,2336.03,109.1,54615.67,109.23,2.96,-2.82,-3.23,0.21,-0.86,-8.27,-12.09,38.97,3.72,42037.59,-36.8
343,evmos,evmos,Evmos,1168015.59,2336.03,109.1,54615.67,109.23,2.96,-2.82,-3.23,0.21,-0.86,-8.27,-12.09,38.97,3.72,42037.59,-36.8
344,mass-vehicle-ledger,mvl,MVL,1168015.59,2336.03,109.1,54615.67,109.23,2.96,-2.82,-3.23,0.21,-0.86,-8.27,-12.09,38.97,3.72,42037.59,-36.8
345,republic-protocol,ren,REN,1168015.59,2336.03,109.1,54615.67,109.23,2.96,-2.82,-3.23,0.21,-0.86,-8.27,-12.09,38.97,3.72,42037.59,-36.8
346,venus,xvs,Venus,1168015.59,2336.03,109.1,54615.67,109.23,2.96,-2.82,-3.23,0.21,-0.86,-8.27,-12.09,38.97,3.72,42037.59,-36.8
347,dock,dock,Dock,1168015.59,2336.03,109.1,54615.67,109.23,2.96,-2.82,-3.23,0.21,-0.86,-8.27,-12.09,38.97,3.72,42037.59,-36.8
364,request-network,req,Request,1168015.59,2336.03,109.1,54615.67,109.23,2.96,-2.82,-3.23,0.21,-0.86,-8.27,-12.09,38.97,3.72,42037.59,-36.8
348,sharering,shr,Share,1168015.59,2336.03,109.1,54615.67,109.23,2.96,-2.82,-3.23,0.21,-0.86,-8.27,-12.09,38.97,3.72,42037.59,-36.8
349,tenset,10set,Tenset,1168015.59,2336.03,109.1,54615.67,109.23,2.96,-2.82,-3.23,0.21,-0.86,-8.27,-12.09,38.97,3.72,42037.59,-36.8
350,beta-finance,beta,Beta Finance,1168015.59,2336.03,109.1,54615.67,109.23,2.96,-2.82,-3.23,0.21,-0.86,-8.27,-12.09,38.97,3.72,42037.59,-36.8
351,hooked-protocol,hook,Hooked Protocol,1168015.59,2336.03,109.1,54615.67,109.23,2.96,-2.82,-3.23,0.21,-0.86,-8.27,-12.09,38.97,3.72,42037.59,-36.8
353,tokamak-network,ton,Tokamak Network,1168015.59,2336.03,109.1,54615.67,109.23,2.96,-2.82,-3.23,0.21,-0.86,-8.27,-12.09,38.97,3.72,42037.59,-36.8
352,wink,win,WINkLink,1168015.59,2336.03,109.1,54615.67,109.23,2.96,-2.82,-3.23,0.21,-0.86,-8.27,-12.09,38.97,3.72,42037.59,-36.8
355,chainx,pcx,ChainX,1168015.59,2336.03,109.1,54615.67,109.23,2.96,-2.82,-3.23,0.21,-0.86,-8.27,-12.09,38.97,3.72,42037.59,-36.8
356,stratis,strax,Stratis,1168015.59,2336.03,109.1,54615.67,109.23,2.96,-2.82,-3.23,0.21,-0.86,-8.27,-12.09,38.97,3.72,42037.59,-36.8
357,wrapped-nxm,wnxm,Wrapped NXM,1168015.59,2336.03,109.1,54615.67,109.23,2.96,-2.82,-3.23,0.21,-0.86,-8.27,-12.09,38.97,3.72,42037.59,-36.8
354,creditcoin-2,ctc,Creditcoin,1168015.59,2336.03,109.1,54615.67,109.23,2.96,-2.82,-3.23,0.21,-0.86,-8.27,-12.09,38.97,3.72,42037.59,-36.8
360,civic,cvc,Civic,1168015.59,2336.03,109.1,54615.67,109.23,2.96,-2.82,-3.23,0.21,-0.86,-8.27,-12.09,38.97,3.72,42037.59,-36.8
359,covalent,cqt,Covalent,1168015.59,2336.03,109.1,54615.67,109.23,2.96,-2.82,-3.23,0.21,-0.86,-8.27,-12.09,38.97,3.72,42037.59,-36.8
362,keep-network,keep,Keep Network,1168015.59,2336.03,109.1,54615.67,109.23,2.96,-2.82,-3.23,0.21,-0.86,-8.27,-12.09,38.97,3.72,42037.59,-36.8
361,spell-token,spell,Spell,1168015.59,2336.03,109.1,54615.67,109.23,2.96,-2.82,-3.23,0.21,-0.86,-8.27,-12.09,38.97,3.72,42037.59,-36.8
358,arpa,arpa,ARPA,1168015.59,2336.03,109.1,54615.67,109.23,2.96,-2.82,-3.23,0.21,-0.86,-8.27,-12.09,38.97,3.72,42037.59,-36.8
363,bifrost,bfc,Bifrost,1168015.59,2336.03,109.1,54615.67,109.23,2.96,-2.82,-3.23,0.21,-0.86,-8.27,-12.09,38.97,3.72,42037.59,-36.8
365,dust-protocol,dust,DUST Protocol,1168015.59,2336.03,109.1,54615.67,109.23,2.96,-2.82,-3.23,0.21,-0.86,-8.27,-12.09,38.97,3.72,42037.59,-36.8
366,shardus,ult,Shardus,1168015.59,2336.03,109.1,54615.67,109.23,2.96,-2.82,-3.23,0.21,-0.86,-8.27,-12.09,38.97,3.72,42037.59,-36.8
367,xsgd,xsgd,XSGD,1168015.59,2336.03,109.1,54615.67,109.23,2.96,-2.82,-3.23,0.21,-0.86,-8.27,-12.09,38.97,3.72,42037.59,-36.8
370,power-ledger,powr,Power Ledger,1168015.59,2336.03,109.1,54615.67,109.23,2.96,-2.82,-3.23,0.21,-0.86,-8.27,-12.09,38.97,3.72,42037.59,-36.8
368,metal,mtl,Metal DAO,1168015.59,2336.03,109.1,54615.67,109.23,2.96,-2.82,-3.23,0.21,-0.86,-8.27,-12.09,38.97,3.72,42037.59,-36.8
371,fidu,fidu,Fidu,1168015.59,2336.03,109.1,54615.67,109.23,2.96,-2.82,-3.23,0.21,-0.86,-8.27,-12.09,38.97,3.72,42037.59,-36.8
369,certik,ctk,Shentu,1168015.59,2336.03,109.1,54615.67,109.23,2.96,-2.82,-3.23,0.21,-0.86,-8.27,-12.09,38.97,3.72,42037.59,-36.8
372,hxro,hxro,Hxro,1168015.59,2336.03,109.1,54615.67,109.23,2.96,-2.82,-3.23,0.21,-0.86,-8.27,-12.09,38.97,3.72,42037.59,-36.8
373,bancor,bnt,Bancor Network,1168015.59,2336.03,109.1,54615.67,109.23,2.96,-2.82,-3.23,0.21,-0.86,-8.27,-12.09,38.97,3.72,42037.59,-36.8
374,stader-maticx,maticx,Stader MaticX,1168015.59,2336.03,109.1,54615.67,109.23,2.96,-2.82,-3.23,0.21,-0.86,-8.27,-12.09,38.97,3.72,42037.59,-36.8
375,concordium,ccd,Concordium,1168015.59,2336.03,109.1,54615.67,109.23,2.96,-2.82,-3.23,0.21,-0.86,-8.27,-12.09,38.97,3.72,42037.59,-36.8
376,xido-finance,xido,Xido Finance,1168015.59,2336.03,109.1,54615.67,109.23,2.96,-2.82,-3.23,0.21,-0.86,-8.27,-12.09,38.97,3.72,42037.59,-36.8
377,project-galaxy,gal,Galxe,1168015.59,2336.03,109.1,54615.67,109.23,2.96,-2.82,-3.23,0.21,-0.86,-8.27,-12.09,38.97,3.72,42037.59,-36.8
378,gamefi,gafi,GameFi,1168015.59,2336.03,109.1,54615.67,109.23,2.96,-2.82,-3.23,0.21,-0.86,-8.27,-12.09,38.97,3.72,42037.59,-36.8
379,mdex,mdx,Mdex (HECO),1168015.59,2336.03,109.1,54615.67,109.23,2.96,-2.82,-3.23,0.21,-0.86,-8.27,-12.09,38.97,3.72,42037.59,-36.8
380,quark-chain,qkc,QuarkChain,1168015.59,2336.03,109.1,54615.67,109.23,2.96,-2.82,-3.23,0.21,-0.86,-8.27,-12.09,38.97,3.72,42037.59,-36.8
381,dusk-network,dusk,DUSK Network,1168015.59,2336.03,109.1,54615.67,109.23,2.96,-2.82,-3.23,0.21,-0.86,-8.27,-12.09,38.97,3.72,42037.59,-36.8
382,hunt-token,hunt,Hunt,1168015.59,2336.03,109.1,54615.67,109.23,2.96,-2.82,-3.23,0.21,-0.86,-8.27,-12.09,38.97,3.72,42037.59,-36.8
383,clash-of-lilliput,col,Clash of Lilliput,1168015.59,2336.03,109.1,54615.67,109.23,2.96,-2.82,-3.23,0.21,-0.86,-8.27,-12.09,38.97,3.72,42037.59,-36.8
384,aurora-dao,idex,IDEX,1168015.59,2336.03,109.1,54615.67,109.23,2.96,-2.82,-3.23,0.21,-0.86,-8.27,-12.09,38.97,3.72,42037.59,-36.8
385,marblex,mbx,Marblex,1168015.59,2336.03,109.1,54615.67,109.23,2.96,-2.82,-3.23,0.21,-0.86,-8.27,-12.09,38.97,3.72,42037.59,-36.8
386,morpheus-network,mnw,Morpheus Network,1168015.59,2336.03,109.1,54615.67,109.23,2.96,-2.82,-3.23,0.21,-0.86,-8.27,-12.09,38.97,3.72,42037.59,-36.8
387,superfarm,super,SuperVerse,1168015.59,2336.03,109.1,54615.67,109.23,2.96,-2.82,-3.23,0.21,-0.86,-8.27,-12.09,38.97,3.72,42037.59,-36.8
388,world-mobile-token,wmt,World Mobile Token,1168015.59,2336.03,109.1,54615.67,109.23,2.96,-2.82,-3.23,0.21,-0.86,-8.27,-12.09,38.97,3.72,42037.59,-36.8
389,ceek,ceek,CEEK Smart VR,1168015.59,2336.03,109.1,54615.67,109.23,2.96,-2.82,-3.23,0.21,-0.86,-8.27,-12.09,38.97,3.72,42037.59,-36.8
390,superrare,rare,SuperRare,1168015.59,2336.03,109.1,54615.67,109.23,2.96,-2.82,-3.23,0.21,-0.86,-8.27,-12.09,38.97,3.72,42037.59,-36.8
391,boba-network,boba,Boba Network,1168015.59,2336.03,109.1,54615.67,109.23,2.96,-2.82,-3.23,0.21,-0.86,-8.27,-12.09,38.97,3.72,42037.59,-36.8
393,alexgo,alex,ALEX Lab,1168015.59,2336.03,109.1,54615.67,109.23,2.96,-2.82,-3.23,0.21,-0.86,-8.27,-12.09,38.97,3.72,42037.59,-36.8
394,sun-token,sun,Sun Token,1168015.59,2336.03,109.1,54615.67,109.23,2.96,-2.82,-3.23,0.21,-0.86,-8.27,-12.09,38.97,3.72,42037.59,-36.8
395,gelato,gel,Gelato,1168015.59,2336.03,109.1,54615.67,109.23,2.96,-2.82,-3.23,0.21,-0.86,-8.27,-12.09,38.97,3.72,42037.59,-36.8
396,dola-usd,dola,DOLA,1168015.59,2336.03,109.1,54615.67,109.23,2.96,-2.82,-3.23,0.21,-0.86,-8.27,-12.09,38.97,3.72,42037.59,-36.8
397,usd,usd+,Overnight.fi USD+,1168015.59,2336.03,109.1,54615.67,109.23,2.96,-2.82,-3.23,0.21,-0.86,-8.27,-12.09,38.97,3.72,42037.59,-36.8
398,alien-worlds,tlm,Alien Worlds,1168015.59,2336.03,109.1,54615.67,109.23,2.96,-2.82,-3.23,0.21,-0.86,-8.27,-12.09,38.97,3.72,42037.59,-36.8
399,ultra,uos,Ultra,1168015.59,2336.03,109.1,54615.67,109.23,2.96,-2.82,-3.23,0.21,-0.86,-8.27,-12.09,38.97,3.72,42037.59,-36.8
400,funfair,fun,FUNToken,1168015.59,2336.03,109.1,54615.67,109.23,2.96,-2.82,-3.23,0.21,-0.86,-8.27,-12.09,38.97,3.72,42037.59,-36.8
403,wazirx,wrx,WazirX,1168015.59,2336.03,109.1,54615.67,109.23,2.96,-2.82,-3.23,0.21,-0.86,-8.27,-12.09,38.97,3.72,42037.59,-36.8
402,vitadao,vita,VitaDAO,1168015.59,2336.03,109.1,54615.67,109.23,2.96,-2.82,-3.23,0.21,-0.86,-8.27,-12.09,38.97,3.72,42037.59,-36.8
404,dodo,dodo,DODO,1168015.59,2336.03,109.1,54615.67,109.23,2.96,-2.82,-3.23,0.21,-0.86,-8.27,-12.09,38.97,3.72,42037.59,-36.8
405,solo-coin,solo,Sologenic,1168015.59,2336.03,109.1,54615.67,109.23,2.96,-2.82,-3.23,0.21,-0.86,-8.27,-12.09,38.97,3.72,42037.59,-36.8
401,chainge-finance,chng,Chainge Finance,1168015.59,2336.03,109.1,54615.67,109.23,2.96,-2.82,-3.23,0.21,-0.86,-8.27,-12.09,38.97,3.72,42037.59,-36.8
406,dextools,dext,DexTools,1168015.59,2336.03,109.1,54615.67,109.23,2.96,-2.82,-3.23,0.21,-0.86,-8.27,-12.09,38.97,3.72,42037.59,-36.8
408,augur,rep,Augur,1168015.59,2336.03,109.1,54615.67,109.23,2.96,-2.82,-3.23,0.21,-0.86,-8.27,-12.09,38.97,3.72,42037.59,-36.8
392,kripto,kripto,Kripto,1168015.59,2336.03,109.1,54615.67,109.23,2.96,-2.82,-3.23,0.21,-0.86,-8.27,-12.09,38.97,3.72,42037.59,-36.8
407,maple,mpl,Maple,1168015.59,2336.03,109.1,54615.67,109.23,2.96,-2.82,-3.23,0.21,-0.86,-8.27,-12.09,38.97,3.72,42037.59,-36.8
409,bolide,blid,Bolide,1168015.59,2336.03,109.1,54615.67,109.23,2.96,-2.82,-3.23,0.21,-0.86,-8.27,-12.09,38.97,3.72,42037.59,-36.8
410,euro-coin,euroc,Euro Coin,1168015.59,2336.03,109.1,54615.67,109.23,2.96,-2.82,-3.23,0.21,-0.86,-8.27,-12.09,38.97,3.72,42037.59,-36.8
411,pocket-network,pokt,Pocket Network,1168015.59,2336.03,109.1,54615.67,109.23,2.96,-2.82,-3.23,0.21,-0.86,-8.27,-12.09,38.97,3.72,42037.59,-36.8
412,temple,temple,TempleDAO,1168015.59,2336.03,109.1,54615.67,109.23,2.96,-2.82,-3.23,0.21,-0.86,-8.27,-12.09,38.97,3.72,42037.59,-36.8
413,raydium,ray,Raydium,1168015.59,2336.03,109.1,54615.67,109.23,2.96,-2.82,-3.23,0.21,-0.86,-8.27,-12.09,38.97,3.72,42037.59,-36.8
414,koda-finance,koda,Koda Cryptocurrency,1168015.59,2336.03,109.1,54615.67,109.23,2.96,-2.82,-3.23,0.21,-0.86,-8.27,-12.09,38.97,3.72,42037.59,-36.8
416,xyo-network,xyo,XYO Network,1168015.59,2336.03,109.1,54615.67,109.23,2.96,-2.82,-3.23,0.21,-0.86,-8.27,-12.09,38.97,3.72,42037.59,-36.8
417,aura-finance,aura,Aura Finance,1168015.59,2336.03,109.1,54615.67,109.23,2.96,-2.82,-3.23,0.21,-0.86,-8.27,-12.09,38.97,3.72,42037.59,-36.8
415,asd,asd,AscendEx,1168015.59,2336.03,109.1,54615.67,109.23,2.96,-2.82,-3.23,0.21,-0.86,-8.27,-12.09,38.97,3.72,42037.59,-36.8
418,bob,bob,BOB,1168015.59,2336.03,109.1,54615.67,109.23,2.96,-2.82,-3.23,0.21,-0.86,-8.27,-12.09,38.97,3.72,42037.59,-36.8
419,verasity,vra,Verasity,1168015.59,2336.03,109.1,54615.67,109.23,2.96,-2.82,-3.23,0.21,-0.86,-8.27,-12.09,38.97,3.72,42037.59,-36.8
420,reef,reef,Reef,1168015.59,2336.03,109.1,54615.67,109.23,2.96,-2.82,-3.23,0.21,-0.86,-8.27,-12.09,38.97,3.72,42037.59,-36.8
421,aavegotchi,ghst,Aavegotchi,1168015.59,2336.03,109.1,54615.67,109.23,2.96,-2.82,-3.23,0.21,-0.86,-8.27,-12.09,38.97,3.72,42037.59,-36.8
422,origin-protocol,ogn,Origin Protocol,1168015.59,2336.03,109.1,54615.67,109.23,2.96,-2.82,-3.23,0.21,-0.86,-8.27,-12.09,38.97,3.72,42037.59,-36.8
423,radio-caca,raca,Radio Caca,1168015.59,2336.03,109.1,54615.67,109.23,2.96,-2.82,-3.23,0.21,-0.86,-8.27,-12.09,38.97,3.72,42037.59,-36.8
425,kilt-protocol,kilt,KILT Protocol,1168015.59,2336.03,109.1,54615.67,109.23,2.96,-2.82,-3.23,0.21,-0.86,-8.27,-12.09,38.97,3.72,42037.59,-36.8
424,bella-protocol,bel,Bella Protocol,1168015.59,2336.03,109.1,54615.67,109.23,2.96,-2.82,-3.23,0.21,-0.86,-8.27,-12.09,38.97,3.72,42037.59,-36.8
427,seedify-fund,sfund,Seedify.fund,1168015.59,2336.03,109.1,54615.67,109.23,2.96,-2.82,-3.23,0.21,-0.86,-8.27,-12.09,38.97,3.72,42037.59,-36.8
428,automata,ata,Automata,1168015.59,2336.03,109.1,54615.67,109.23,2.96,-2.82,-3.23,0.21,-0.86,-8.27,-12.09,38.97,3.72,42037.59,-36.8
429,aergo,aergo,Aergo,1168015.59,2336.03,109.1,54615.67,109.23,2.96,-2.82,-3.23,0.21,-0.86,-8.27,-12.09,38.97,3.72,42037.59,-36.8
430,nusd,susd,sUSD,1168015.59,2336.03,109.1,54615.67,109.23,2.96,-2.82,-3.23,0.21,-0.86,-8.27,-12.09,38.97,3.72,42037.59,-36.8
426,rally-2,rly,Rally,1168015.59,2336.03,109.1,54615.67,109.23,2.96,-2.82,-3.23,0.21,-0.86,-8.27,-12.09,38.97,3.72,42037.59,-36.8
431,alex-b20,$b20,ALEX $B20,1168015.59,2336.03,109.1,54615.67,109.23,2.96,-2.82,-3.23,0.21,-0.86,-8.27,-12.09,38.97,3.72,42037.59,-36.8
433,storm,stmx,StormX,1168015.59,2336.03,109.1,54615.67,109.23,2.96,-2.82,-3.23,0.21,-0.86,-8.27,-12.09,38.97,3.72,42037.59,-36.8
432,dejitaru-tsuka,tsuka,Dejitaru Tsuka,1168015.59,2336.03,109.1,54615.67,109.23,2.96,-2.82,-3.23,0.21,-0.86,-8.27,-12.09,38.97,3.72,42037.59,-36.8
435,badger-dao,badger,Badger DAO,1168015.59,2336.03,109.1,54615.67,109.23,2.96,-2.82,-3.23,0.21,-0.86,-8.27,-12.09,38.97,3.72,42037.59,-36.8
436,pirate-chain,arrr,Pirate Chain,1168015.59,2336.03,109.1,54615.67,109.23,2.96,-2.82,-3.23,0.21,-0.86,-8.27,-12.09,38.97,3.72,42037.59,-36.8
434,sx-network,sx,SX Network,1168015.59,2336.03,109.1,54615.67,109.23,2.96,-2.82,-3.23,0.21,-0.86,-8.27,-12.09,38.97,3.72,42037.59,-36.8
437,dfuk,dfuk,DFUK,1168015.59,2336.03,109.1,54615.67,109.23,2.96,-2.82,-3.23,0.21,-0.86,-8.27,-12.09,38.97,3.72,42037.59,-36.8
438,arbdoge-ai,aidoge,ArbDoge AI,1168015.59,2336.03,109.1,54615.67,109.23,2.96,-2.82,-3.23,0.21,-0.86,-8.27,-12.09,38.97,3.72,42037.59,-36.8
439,rook,rook,Rook,1168015.59,2336.03,109.1,54615.67,109.23,2.96,-2.82,-3.23,0.21,-0.86,-8.27,-12.09,38.97,3.72,42037.59,-36.8
440,looksrare,looks,LooksRare,1168015.59,2336.03,109.1,54615.67,109.23,2.96,-2.82,-3.23,0.21,-0.86,-8.27,-12.09,38.97,3.72,42037.59,-36.8
441,ark,ark,ARK,1168015.59,2336.03,109.1,54615.67,109.23,2.96,-2.82,-3.23,0.21,-0.86,-8.27,-12.09,38.97,3.72,42037.59,-36.8
442,selfkey,key,SelfKey,1168015.59,2336.03,109.1,54615.67,109.23,2.96,-2.82,-3.23,0.21,-0.86,-8.27,-12.09,38.97,3.72,42037.59,-36.8
443,rss3,rss3,RSS3,1168015.59,2336.03,109.1,54615.67,109.23,2.96,-2.82,-3.23,0.21,-0.86,-8.27,-12.09,38.97,3.72,42037.59,-36.8
445,somesing,ssx,SOMESING Exchange,1168015.59,2336.03,109.1,54615.67,109.23,2.96,-2.82,-3.23,0.21,-0.86,-8.27,-12.09,38.97,3.72,42037.59,-36.8
446,iris-network,iris,IRISnet,1168015.59,2336.03,109.1,54615.67,109.23,2.96,-2.82,-3.23,0.21,-0.86,-8.27,-12.09,38.97,3.72,42037.59,-36.8
448,degate,dg,DeGate,1168015.59,2336.03,109.1,54615.67,109.23,2.96,-2.82,-3.23,0.21,-0.86,-8.27,-12.09,38.97,3.72,42037.59,-36.8
447,gmt-token,gmt,Gomining Token,1168015.59,2336.03,109.1,54615.67,109.23,2.96,-2.82,-3.23,0.21,-0.86,-8.27,-12.09,38.97,3.72,42037.59,-36.8
444,mcdex,mcb,MUX Protocol,1168015.59,2336.03,109.1,54615.67,109.23,2.96,-2.82,-3.23,0.21,-0.86,-8.27,-12.09,38.97,3.72,42037.59,-36.8
450,aura-bal,aurabal,Aura BAL,1168015.59,2336.03,109.1,54615.67,109.23,2.96,-2.82,-3.23,0.21,-0.86,-8.27,-12.09,38.97,3.72,42037.59,-36.8
449,moonriver,movr,Moonriver,1168015.59,2336.03,109.1,54615.67,109.23,2.96,-2.82,-3.23,0.21,-0.86,-8.27,-12.09,38.97,3.72,42037.59,-36.8
452,mimatic,mimatic,MAI,1168015.59,2336.03,109.1,54615.67,109.23,2.96,-2.82,-3.23,0.21,-0.86,-8.27,-12.09,38.97,3.72,42037.59,-36.8
451,allianceblock-nexera,nxra,AllianceBlock Nexera,1168015.59,2336.03,109.1,54615.67,109.23,2.96,-2.82,-3.23,0.21,-0.86,-8.27,-12.09,38.97,3.72,42037.59,-36.8
453,biswap,bsw,Biswap,1168015.59,2336.03,109.1,54615.67,109.23,2.96,-2.82,-3.23,0.21,-0.86,-8.27,-12.09,38.97,3.72,42037.59,-36.8
454,axion,axn,Axion,1168015.59,2336.03,109.1,54615.67,109.23,2.96,-2.82,-3.23,0.21,-0.86,-8.27,-12.09,38.97,3.72,42037.59,-36.8
455,strike,strk,Strike,1168015.59,2336.03,109.1,54615.67,109.23,2.96,-2.82,-3.23,0.21,-0.86,-8.27,-12.09,38.97,3.72,42037.59,-36.8
457,moviebloc,mbl,MovieBloc,1168015.59,2336.03,109.1,54615.67,109.23,2.96,-2.82,-3.23,0.21,-0.86,-8.27,-12.09,38.97,3.72,42037.59,-36.8
456,verus-coin,vrsc,Verus Coin,1168015.59,2336.03,109.1,54615.67,109.23,2.96,-2.82,-3.23,0.21,-0.86,-8.27,-12.09,38.97,3.72,42037.59,-36.8
458,ben-2,ben,Ben,1168015.59,2336.03,109.1,54615.67,109.23,2.96,-2.82,-3.23,0.21,-0.86,-8.27,-12.09,38.97,3.72,42037.59,-36.8
459,flex-usd,flexusd,flexUSD,1168015.59,2336.03,109.1,54615.67,109.23,2.96,-2.82,-3.23,0.21,-0.86,-8.27,-12.09,38.97,3.72,42037.59,-36.8
460,lcx,lcx,LCX,1168015.59,2336.03,109.1,54615.67,109.23,2.96,-2.82,-3.23,0.21,-0.86,-8.27,-12.09,38.97,3.72,42037.59,-36.8
461,chain-2,xcn,Onyxcoin,1168015.59,2336.03,109.1,54615.67,109.23,2.96,-2.82,-3.23,0.21,-0.86,-8.27,-12.09,38.97,3.72,42037.59,-36.8
462,storj,storj,Storj,1168015.59,2336.03,109.1,54615.67,109.23,2.96,-2.82,-3.23,0.21,-0.86,-8.27,-12.09,38.97,3.72,42037.59,-36.8
463,celo-dollar,cusd,Celo Dollar,1168015.59,2336.03,109.1,54615.67,109.23,2.96,-2.82,-3.23,0.21,-0.86,-8.27,-12.09,38.97,3.72,42037.59,-36.8
464,zignaly,zig,Zignaly,1168015.59,2336.03,109.1,54615.67,109.23,2.96,-2.82,-3.23,0.21,-0.86,-8.27,-12.09,38.97,3.72,42037.59,-36.8
466,metadium,meta,Metadium,1168015.59,2336.03,109.1,54615.67,109.23,2.96,-2.82,-3.23,0.21,-0.86,-8.27,-12.09,38.97,3.72,42037.59,-36.8
465,truefi,tru,TrueFi,1168015.59,2336.03,109.1,54615.67,109.23,2.96,-2.82,-3.23,0.21,-0.86,-8.27,-12.09,38.97,3.72,42037.59,-36.8
471,bitcicoin,bitci,Bitcicoin,1168015.59,2336.03,109.1,54615.67,109.23,2.96,-2.82,-3.23,0.21,-0.86,-8.27,-12.09,38.97,3.72,42037.59,-36.8
468,wanchain,wan,Wanchain,1168015.59,2336.03,109.1,54615.67,109.23,2.96,-2.82,-3.23,0.21,-0.86,-8.27,-12.09,38.97,3.72,42037.59,-36.8
467,bakerytoken,bake,BakerySwap,1168015.59,2336.03,109.1,54615.67,109.23,2.96,-2.82,-3.23,0.21,-0.86,-8.27,-12.09,38.97,3.72,42037.59,-36.8
469,dawn-protocol,dawn,Dawn Protocol,1168015.59,2336.03,109.1,54615.67,109.23,2.96,-2.82,-3.23,0.21,-0.86,-8.27,-12.09,38.97,3.72,42037.59,-36.8
472,utrust,utk,Utrust,1168015.59,2336.03,109.1,54615.67,109.23,2.96,-2.82,-3.23,0.21,-0.86,-8.27,-12.09,38.97,3.72,42037.59,-36.8
470,saitama-inu,saitama,Saitama,1168015.59,2336.03,109.1,54615.67,109.23,2.96,-2.82,-3.23,0.21,-0.86,-8.27,-12.09,38.97,3.72,42037.59,-36.8
473,perpetual-protocol,perp,Perpetual Protocol,1168015.59,2336.03,109.1,54615.67,109.23,2.96,-2.82,-3.23,0.21,-0.86,-8.27,-12.09,38.97,3.72,42037.59,-36.8
474,premia,premia,Premia,1168015.59,2336.03,109.1,54615.67,109.23,2.96,-2.82,-3.23,0.21,-0.86,-8.27,-12.09,38.97,3.72,42037.59,-36.8
475,kwenta,kwenta,Kwenta,1168015.59,2336.03,109.1,54615.67,109.23,2.96,-2.82,-3.23,0.21,-0.86,-8.27,-12.09,38.97,3.72,42037.59,-36.8
476,ethos,vgx,Voyager VGX,1168015.59,2336.03,109.1,54615.67,109.23,2.96,-2.82,-3.23,0.21,-0.86,-8.27,-12.09,38.97,3.72,42037.59,-36.8
477,frax-price-index-share,fpis,Frax Price Index Share,1168015.59,2336.03,109.1,54615.67,109.23,2.96,-2.82,-3.23,0.21,-0.86,-8.27,-12.09,38.97,3.72,42037.59,-36.8
478,loom-network,loomold,Loom Network (OLD),1168015.59,2336.03,109.1,54615.67,109.23,2.96,-2.82,-3.23,0.21,-0.86,-8.27,-12.09,38.97,3.72,42037.59,-36.8
479,bitmex-token,bmex,BitMEX,1168015.59,2336.03,109.1,54615.67,109.23,2.96,-2.82,-3.23,0.21,-0.86,-8.27,-12.09,38.97,3.72,42037.59,-36.8
481,velas,vlx,Velas,1168015.59,2336.03,109.1,54615.67,109.23,2.96,-2.82,-3.23,0.21,-0.86,-8.27,-12.09,38.97,3.72,42037.59,-36.8
480,sweatcoin,sweat,Sweatcoin (Sweat Economy),1168015.59,2336.03,109.1,54615.67,109.23,2.96,-2.82,-3.23,0.21,-0.86,-8.27,-12.09,38.97,3.72,42037.59,-36.8
482,flamingo-finance,flm,Flamingo Finance,1168015.59,2336.03,109.1,54615.67,109.23,2.96,-2.82,-3.23,0.21,-0.86,-8.27,-12.09,38.97,3.72,42037.59,-36.8
483,forta,fort,Forta,1168015.59,2336.03,109.1,54615.67,109.23,2.96,-2.82,-3.23,0.21,-0.86,-8.27,-12.09,38.97,3.72,42037.59,-36.8
484,uquid-coin,uqc,Uquid Coin,1168015.59,2336.03,109.1,54615.67,109.23,2.96,-2.82,-3.23,0.21,-0.86,-8.27,-12.09,38.97,3.72,42037.59,-36.8
486,orchid-protocol,oxt,Orchid Protocol,1168015.59,2336.03,109.1,54615.67,109.23,2.96,-2.82,-3.23,0.21,-0.86,-8.27,-12.09,38.97,3.72,42037.59,-36.8
487,helio-protocol-hay,hay,Destablecoin HAY,1168015.59,2336.03,109.1,54615.67,109.23,2.96,-2.82,-3.23,0.21,-0.86,-8.27,-12.09,38.97,3.72,42037.59,-36.8
485,qash,qash,QASH,1168015.59,2336.03,109.1,54615.67,109.23,2.96,-2.82,-3.23,0.21,-0.86,-8.27,-12.09,38.97,3.72,42037.59,-36.8
489,gas,gas,Gas,1168015.59,2336.03,109.1,54615.67,109.23,2.96,-2.82,-3.23,0.21,-0.86,-8.27,-12.09,38.97,3.72,42037.59,-36.8
488,level,lvl,Level,1168015.59,2336.03,109.1,54615.67,109.23,2.96,-2.82,-3.23,0.21,-0.86,-8.27,-12.09,38.97,3.72,42037.59,-36.8
490,redacted,btrfly,Redacted,1168015.59,2336.03,109.1,54615.67,109.23,2.96,-2.82,-3.23,0.21,-0.86,-8.27,-12.09,38.97,3.72,42037.59,-36.8
491,bytom,btm,Bytom,1168015.59,2336.03,109.1,54615.67,109.23,2.96,-2.82,-3.23,0.21,-0.86,-8.27,-12.09,38.97,3.72,42037.59,-36.8
492,klever,klv,Klever,1168015.59,2336.03,109.1,54615.67,109.23,2.96,-2.82,-3.23,0.21,-0.86,-8.27,-12.09,38.97,3.72,42037.59,-36.8
493,komodo,kmd,Komodo,1168015.59,2336.03,109.1,54615.67,109.23,2.96,-2.82,-3.23,0.21,-0.86,-8.27,-12.09,38.97,3.72,42037.59,-36.8
495,a-hunters-dream,caw,A Hunters Dream,1168015.59,2336.03,109.1,54615.67,109.23,2.96,-2.82,-3.23,0.21,-0.86,-8.27,-12.09,38.97,3.72,42037.59,-36.8
494,electroneum,etn,Electroneum,1168015.59,2336.03,109.1,54615.67,109.23,2.96,-2.82,-3.23,0.21,-0.86,-8.27,-12.09,38.97,3.72,42037.59,-36.8
497,nvirworld,nvir,NvirWorld,1168015.59,2336.03,109.1,54615.67,109.23,2.96,-2.82,-3.23,0.21,-0.86,-8.27,-12.09,38.97,3.72,42037.59,-36.8
498,cortex,ctxc,Cortex,1168015.59,2336.03,109.1,54615.67,109.23,2.96,-2.82,-3.23,0.21,-0.86,-8.27,-12.09,38.97,3.72,42037.59,-36.8
496,veritaseum,veri,Veritaseum,1168015.59,2336.03,109.1,54615.67,109.23,2.96,-2.82,-3.23,0.21,-0.86,-8.27,-12.09,38.97,3.72,42037.59,-36.8
499,volt-inu-2,volt,Volt Inu,1168015.59,2336.03,109.1,54615.67,109.23,2.96,-2.82,-3.23,0.21,-0.86,-8.27,-12.09,38.97,3.72,42037.59,-36.8
501,unizen,zcx,Unizen,1168015.59,2336.03,109.1,54615.67,109.23,2.96,-2.82,-3.23,0.21,-0.86,-8.27,-12.09,38.97,3.72,42037.59,-36.8
